ProductKey,ProductAlternateKey,ProductSubcategoryKey,EnglishProductName,FrenchProductName,StandardCost,FinishedGoodsFlag,SafetyStockLevel,ReorderPoint,ListPrice,Weight,DaysToManufacture,ProductLine,DealerPrice,Class,ModelName,Status
1,AR-5381,0,Adjustable Race,,,FALSE,1000,750,,,0,,,,,Current
2,BA-8327,0,Bearing Ball,,,FALSE,1000,750,,,0,,,,,Current
3,BE-2349,0,BB Ball Bearing,,,FALSE,800,600,,,1,,,,,Current
4,BE-2908,0,Headset Ball Bearings,,,FALSE,800,600,,,0,,,,,Current
5,BL-2036,0,Blade,,,FALSE,800,600,,,1,,,,,Current
6,CA-5965,0,LL Crankarm,,,FALSE,500,375,,,0,,,L ,,Current
7,CA-6738,0,ML Crankarm,,,FALSE,500,375,,,0,,,M ,,Current
8,CA-7457,0,HL Crankarm,,,FALSE,500,375,,,0,,,,,Current
9,CB-2903,0,Chainring Bolts,,,FALSE,1000,750,,,0,,,,,Current
10,CN-6137,0,Chainring Nut,,,FALSE,1000,750,,,0,,,,,Current
11,CR-7833,0,Chainring,,,FALSE,1000,750,,,0,,,,,Current
12,CR-9981,0,Crown Race,,,FALSE,1000,750,,,0,,,,,Current
13,CS-2812,0,Chain Stays,,,FALSE,1000,750,,,1,,,,,Current
14,DC-8732,0,Decal 1,,,FALSE,1000,750,,,0,,,,,Current
15,DC-9824,0,Decal 2,,,FALSE,1000,750,,,0,,,,,Current
16,DT-2377,0,Down Tube,,,FALSE,800,600,,,1,,,,,Current
17,EC-M092,0,Mountain End Caps,,,FALSE,1000,750,,,1,,,,,Current
18,EC-R098,0,Road End Caps,,,FALSE,1000,750,,,1,,,,,Current
19,EC-T209,0,Touring End Caps,,,FALSE,1000,750,,,1,,,,,Current
20,FE-3760,0,Fork End,,,FALSE,800,600,,,1,,,,,Current
21,FH-2981,0,Freewheel,,,FALSE,500,375,,,0,,,,,Current
22,FW-1000,0,Flat Washer 1,,,FALSE,1000,750,,,0,,,,,Current
23,FW-1200,0,Flat Washer 6,,,FALSE,1000,750,,,0,,,,,Current
24,FW-1400,0,Flat Washer 2,,,FALSE,1000,750,,,0,,,,,Current
25,FW-3400,0,Flat Washer 9,,,FALSE,1000,750,,,0,,,,,Current
26,FW-3800,0,Flat Washer 4,,,FALSE,1000,750,,,0,,,,,Current
27,FW-5160,0,Flat Washer 3,,,FALSE,1000,750,,,0,,,,,Current
28,FW-5800,0,Flat Washer 8,,,FALSE,1000,750,,,0,,,,,Current
29,FW-7160,0,Flat Washer 5,,,FALSE,1000,750,,,0,,,,,Current
30,FW-9160,0,Flat Washer 7,,,FALSE,1000,750,,,0,,,,,Current
31,FC-3654,0,Fork Crown,,,FALSE,800,600,,,1,,,,,Current
32,FC-3982,0,Front Derailleur Cage,,,FALSE,800,600,,,0,,,,,Current
33,FL-2301,0,Front Derailleur Linkage,,,FALSE,800,600,,,0,,,,,Current
34,GP-0982,0,Guide Pulley,,,FALSE,800,600,,,0,,,,,Current
35,GT-0820,0,LL Grip Tape,,,FALSE,800,600,,,0,,,L ,,Current
36,GT-1209,0,ML Grip Tape,,,FALSE,800,600,,,0,,,M ,,Current
37,GT-2908,0,HL Grip Tape,,,FALSE,800,600,,,0,,,,,Current
38,HJ-1213,0,Thin-Jam Hex Nut 9,,,FALSE,1000,750,,,0,,,,,Current
39,HJ-1220,0,Thin-Jam Hex Nut 10,,,FALSE,1000,750,,,0,,,,,Current
40,HJ-1420,0,Thin-Jam Hex Nut 1,,,FALSE,1000,750,,,0,,,,,Current
41,HJ-1428,0,Thin-Jam Hex Nut 2,,,FALSE,1000,750,,,0,,,,,Current
42,HJ-3410,0,Thin-Jam Hex Nut 15,,,FALSE,1000,750,,,0,,,,,Current
43,HJ-3416,0,Thin-Jam Hex Nut 16,,,FALSE,1000,750,,,0,,,,,Current
44,HJ-3816,0,Thin-Jam Hex Nut 5,,,FALSE,1000,750,,,0,,,,,Current
45,HJ-3824,0,Thin-Jam Hex Nut 6,,,FALSE,1000,750,,,0,,,,,Current
46,HJ-5161,0,Thin-Jam Hex Nut 3,,,FALSE,1000,750,,,0,,,,,Current
47,HJ-5162,0,Thin-Jam Hex Nut 4,,,FALSE,1000,750,,,0,,,,,Current
48,HJ-5811,0,Thin-Jam Hex Nut 13,,,FALSE,1000,750,,,0,,,,,Current
49,HJ-5818,0,Thin-Jam Hex Nut 14,,,FALSE,1000,750,,,0,,,,,Current
50,HJ-7161,0,Thin-Jam Hex Nut 7,,,FALSE,1000,750,,,0,,,,,Current
51,HJ-7162,0,Thin-Jam Hex Nut 8,,,FALSE,1000,750,,,0,,,,,Current
52,HJ-9080,0,Thin-Jam Hex Nut 12,,,FALSE,1000,750,,,0,,,,,Current
53,HJ-9161,0,Thin-Jam Hex Nut 11,,,FALSE,1000,750,,,0,,,,,Current
54,HN-1024,0,Hex Nut 5,,,FALSE,1000,750,,,0,,,,,Current
55,HN-1032,0,Hex Nut 6,,,FALSE,1000,750,,,0,,,,,Current
56,HN-1213,0,Hex Nut 16,,,FALSE,1000,750,,,0,,,,,Current
57,HN-1220,0,Hex Nut 17,,,FALSE,1000,750,,,0,,,,,Current
58,HN-1224,0,Hex Nut 7,,,FALSE,1000,750,,,0,,,,,Current
59,HN-1420,0,Hex Nut 8,,,FALSE,1000,750,,,0,,,,,Current
60,HN-1428,0,Hex Nut 9,,,FALSE,1000,750,,,0,,,,,Current
61,HN-3410,0,Hex Nut 22,,,FALSE,1000,750,,,0,,,,,Current
62,HN-3416,0,Hex Nut 23,,,FALSE,1000,750,,,0,,,,,Current
63,HN-3816,0,Hex Nut 12,,,FALSE,1000,750,,,0,,,,,Current
64,HN-3824,0,Hex Nut 13,,,FALSE,1000,750,,,0,,,,,Current
65,HN-4402,0,Hex Nut 1,,,FALSE,1000,750,,,0,,,,,Current
66,HN-5161,0,Hex Nut 10,,,FALSE,1000,750,,,0,,,,,Current
67,HN-5162,0,Hex Nut 11,,,FALSE,1000,750,,,0,,,,,Current
68,HN-5400,0,Hex Nut 2,,,FALSE,1000,750,,,0,,,,,Current
69,HN-5811,0,Hex Nut 20,,,FALSE,1000,750,,,0,,,,,Current
70,HN-5818,0,Hex Nut 21,,,FALSE,1000,750,,,0,,,,,Current
71,HN-6320,0,Hex Nut 3,,,FALSE,1000,750,,,0,,,,,Current
72,HN-7161,0,Hex Nut 14,,,FALSE,1000,750,,,0,,,,,Current
73,HN-7162,0,Hex Nut 15,,,FALSE,1000,750,,,0,,,,,Current
74,HN-8320,0,Hex Nut 4,,,FALSE,1000,750,,,0,,,,,Current
75,HN-9161,0,Hex Nut 18,,,FALSE,1000,750,,,0,,,,,Current
76,HN-9168,0,Hex Nut 19,,,FALSE,1000,750,,,0,,,,,Current
77,HT-2981,0,Handlebar Tube,,,FALSE,800,600,,,1,,,,,Current
78,HT-8019,0,Head Tube,,,FALSE,800,600,,,1,,,,,Current
79,HU-6280,0,LL Hub,,,FALSE,500,375,,,1,,,L ,,Current
80,HU-8998,0,HL Hub,,,FALSE,500,375,,,1,,,,,Current
81,KW-4091,0,Keyed Washer,,,FALSE,1000,750,,,0,,,,,Current
82,LE-1000,0,External Lock Washer 3,,,FALSE,1000,750,,,0,,,,,Current
83,LE-1200,0,External Lock Washer 4,,,FALSE,1000,750,,,0,,,,,Current
84,LE-1201,0,External Lock Washer 9,,,FALSE,1000,750,,,0,,,,,Current
85,LE-1400,0,External Lock Washer 5,,,FALSE,1000,750,,,0,,,,,Current
86,LE-3800,0,External Lock Washer 7,,,FALSE,1000,750,,,0,,,,,Current
87,LE-5160,0,External Lock Washer 6,,,FALSE,1000,750,,,0,,,,,Current
88,LE-6000,0,External Lock Washer 1,,,FALSE,1000,750,,,0,,,,,Current
89,LE-7160,0,External Lock Washer 8,,,FALSE,1000,750,,,0,,,,,Current
90,LE-8000,0,External Lock Washer 2,,,FALSE,1000,750,,,0,,,,,Current
91,LI-1000,0,Internal Lock Washer 3,,,FALSE,1000,750,,,0,,,,,Current
92,LI-1200,0,Internal Lock Washer 4,,,FALSE,1000,750,,,0,,,,,Current
93,LI-1201,0,Internal Lock Washer 9,,,FALSE,1000,750,,,0,,,,,Current
94,LI-1400,0,Internal Lock Washer 5,,,FALSE,1000,750,,,0,,,,,Current
95,LI-3800,0,Internal Lock Washer 7,,,FALSE,1000,750,,,0,,,,,Current
96,LI-5160,0,Internal Lock Washer 6,,,FALSE,1000,750,,,0,,,,,Current
97,LI-5800,0,Internal Lock Washer 10,,,FALSE,1000,750,,,0,,,,,Current
98,LI-6000,0,Internal Lock Washer 1,,,FALSE,1000,750,,,0,,,,,Current
99,LI-7160,0,Internal Lock Washer 8,,,FALSE,1000,750,,,0,,,,,Current
100,LI-8000,0,Internal Lock Washer 2,,,FALSE,1000,750,,,0,,,,,Current
101,LJ-1213,0,Thin-Jam Lock Nut 9,,,FALSE,1000,750,,,0,,,,,Current
102,LJ-1220,0,Thin-Jam Lock Nut 10,,,FALSE,1000,750,,,0,,,,,Current
103,LJ-1420,0,Thin-Jam Lock Nut 1,,,FALSE,1000,750,,,0,,,,,Current
104,LJ-1428,0,Thin-Jam Lock Nut 2,,,FALSE,1000,750,,,0,,,,,Current
105,LJ-3410,0,Thin-Jam Lock Nut 15,,,FALSE,1000,750,,,0,,,,,Current
106,LJ-3416,0,Thin-Jam Lock Nut 16,,,FALSE,1000,750,,,0,,,,,Current
107,LJ-3816,0,Thin-Jam Lock Nut 5,,,FALSE,1000,750,,,0,,,,,Current
108,LJ-3824,0,Thin-Jam Lock Nut 6,,,FALSE,1000,750,,,0,,,,,Current
109,LJ-5161,0,Thin-Jam Lock Nut 3,,,FALSE,1000,750,,,0,,,,,Current
110,LJ-5162,0,Thin-Jam Lock Nut 4,,,FALSE,1000,750,,,0,,,,,Current
111,LJ-5811,0,Thin-Jam Lock Nut 13,,,FALSE,1000,750,,,0,,,,,Current
112,LJ-5818,0,Thin-Jam Lock Nut 14,,,FALSE,1000,750,,,0,,,,,Current
113,LJ-7161,0,Thin-Jam Lock Nut 7,,,FALSE,1000,750,,,0,,,,,Current
114,LJ-7162,0,Thin-Jam Lock Nut 8,,,FALSE,1000,750,,,0,,,,,Current
115,LJ-9080,0,Thin-Jam Lock Nut 12,,,FALSE,1000,750,,,0,,,,,Current
116,LJ-9161,0,Thin-Jam Lock Nut 11,,,FALSE,1000,750,,,0,,,,,Current
117,LN-1024,0,Lock Nut 5,,,FALSE,1000,750,,,0,,,,,Current
118,LN-1032,0,Lock Nut 6,,,FALSE,1000,750,,,0,,,,,Current
119,LN-1213,0,Lock Nut 16,,,FALSE,1000,750,,,0,,,,,Current
120,LN-1220,0,Lock Nut 17,,,FALSE,1000,750,,,0,,,,,Current
121,LN-1224,0,Lock Nut 7,,,FALSE,1000,750,,,0,,,,,Current
122,LN-1420,0,Lock Nut 8,,,FALSE,1000,750,,,0,,,,,Current
123,LN-1428,0,Lock Nut 9,,,FALSE,1000,750,,,0,,,,,Current
124,LN-3410,0,Lock Nut 22,,,FALSE,1000,750,,,0,,,,,Current
125,LN-3416,0,Lock Nut 23,,,FALSE,1000,750,,,0,,,,,Current
126,LN-3816,0,Lock Nut 12,,,FALSE,1000,750,,,0,,,,,Current
127,LN-3824,0,Lock Nut 13,,,FALSE,1000,750,,,0,,,,,Current
128,LN-4400,0,Lock Nut 1,,,FALSE,1000,750,,,0,,,,,Current
129,LN-5161,0,Lock Nut 10,,,FALSE,1000,750,,,0,,,,,Current
130,LN-5162,0,Lock Nut 11,,,FALSE,1000,750,,,0,,,,,Current
131,LN-5400,0,Lock Nut 2,,,FALSE,1000,750,,,0,,,,,Current
132,LN-5811,0,Lock Nut 20,,,FALSE,1000,750,,,0,,,,,Current
133,LN-5818,0,Lock Nut 21,,,FALSE,1000,750,,,0,,,,,Current
134,LN-6320,0,Lock Nut 3,,,FALSE,1000,750,,,0,,,,,Current
135,LN-7161,0,Lock Nut 14,,,FALSE,1000,750,,,0,,,,,Current
136,LN-7162,0,Lock Nut 15,,,FALSE,1000,750,,,0,,,,,Current
137,LN-8320,0,Lock Nut 4,,,FALSE,1000,750,,,0,,,,,Current
138,LN-9080,0,Lock Nut 19,,,FALSE,1000,750,,,0,,,,,Current
139,LN-9161,0,Lock Nut 18,,,FALSE,1000,750,,,0,,,,,Current
140,LR-2398,0,Lock Ring,,,FALSE,1000,750,,,0,,,,,Current
141,LR-8520,0,Lower Head Race,,,FALSE,1000,750,,,0,,,,,Current
142,LW-1000,0,Lock Washer 4,,,FALSE,1000,750,,,0,,,,,Current
143,LW-1200,0,Lock Washer 5,,,FALSE,1000,750,,,0,,,,,Current
144,LW-1201,0,Lock Washer 10,,,FALSE,1000,750,,,0,,,,,Current
145,LW-1400,0,Lock Washer 6,,,FALSE,1000,750,,,0,,,,,Current
146,LW-3400,0,Lock Washer 13,,,FALSE,1000,750,,,0,,,,,Current
147,LW-3800,0,Lock Washer 8,,,FALSE,1000,750,,,0,,,,,Current
148,LW-4000,0,Lock Washer 1,,,FALSE,1000,750,,,0,,,,,Current
149,LW-5160,0,Lock Washer 7,,,FALSE,1000,750,,,0,,,,,Current
150,LW-5800,0,Lock Washer 12,,,FALSE,1000,750,,,0,,,,,Current
151,LW-6000,0,Lock Washer 2,,,FALSE,1000,750,,,0,,,,,Current
152,LW-7160,0,Lock Washer 9,,,FALSE,1000,750,,,0,,,,,Current
153,LW-8000,0,Lock Washer 3,,,FALSE,1000,750,,,0,,,,,Current
154,LW-9160,0,Lock Washer 11,,,FALSE,1000,750,,,0,,,,,Current
155,MA-7075,0,Metal Angle,,,FALSE,1000,750,,,0,,,,,Current
156,MB-2024,0,Metal Bar 1,,,FALSE,1000,750,,,0,,,,,Current
157,MB-6061,0,Metal Bar 2,,,FALSE,1000,750,,,0,,,,,Current
158,MP-2066,0,Metal Plate 2,,,FALSE,1000,750,,,0,,,,,Current
159,MP-2503,0,Metal Plate 1,,,FALSE,1000,750,,,0,,,,,Current
160,MP-4960,0,Metal Plate 3,,,FALSE,1000,750,,,0,,,,,Current
161,MS-0253,0,Metal Sheet 2,,,FALSE,1000,750,,,0,,,,,Current
162,MS-1256,0,Metal Sheet 3,,,FALSE,1000,750,,,0,,,,,Current
163,MS-1981,0,Metal Sheet 7,,,FALSE,1000,750,,,0,,,,,Current
164,MS-2259,0,Metal Sheet 4,,,FALSE,1000,750,,,0,,,,,Current
165,MS-2341,0,Metal Sheet 5,,,FALSE,1000,750,,,0,,,,,Current
166,MS-2348,0,Metal Sheet 6,,,FALSE,1000,750,,,0,,,,,Current
167,MS-6061,0,Metal Sheet 1,,,FALSE,1000,750,,,0,,,,,Current
168,MT-1000,0,Metal Tread Plate,,,FALSE,1000,750,,,0,,,,,Current
169,NI-4127,0,LL Nipple,,,FALSE,1000,750,,,0,,,L ,,Current
170,NI-9522,0,HL Nipple,,,FALSE,1000,750,,,0,,,,,Current
171,PA-187B,0,Paint - Black,,,FALSE,60,45,,,0,,,,,Current
172,PA-361R,0,Paint - Red,,,FALSE,60,45,,,0,,,,,Current
173,PA-529S,0,Paint - Silver,,,FALSE,60,45,,,0,,,,,Current
174,PA-632U,0,Paint - Blue,,,FALSE,60,45,,,0,,,,,Current
175,PA-823Y,0,Paint - Yellow,,,FALSE,60,45,,,0,,,,,Current
176,PB-6109,0,Pinch Bolt,,,FALSE,1000,750,,,0,,,,,Current
177,RA-2345,0,Cup-Shaped Race,,,FALSE,1000,750,,,0,,,,,Current
178,RA-7490,0,Cone-Shaped Race,,,FALSE,1000,750,,,0,,,,,Current
179,RF-9198,0,Reflector,,,FALSE,1000,750,,,0,,,,,Current
180,RM-M464,0,LL Mountain Rim,,,FALSE,800,600,,435,0,,,L ,,Current
181,RM-M692,0,ML Mountain Rim,,,FALSE,800,600,,450,0,,,M ,,Current
182,RM-M823,0,HL Mountain Rim,,,FALSE,800,600,,400,0,,,,,Current
183,RM-R436,0,LL Road Rim,,,FALSE,800,600,,445,0,,,L ,,Current
184,RM-R600,0,ML Road Rim,,,FALSE,800,600,,450,0,,,M ,,Current
185,RM-R800,0,HL Road Rim,,,FALSE,800,600,,400,0,,,,,Current
186,RM-T801,0,Touring Rim,,,FALSE,800,600,,460,0,,,,,Current
187,SA-M198,0,LL Mountain Seat Assembly,,,FALSE,500,375,,,1,,,L ,,Current
188,SA-M237,0,ML Mountain Seat Assembly,,,FALSE,500,375,,,1,,,M ,,Current
189,SA-M687,0,HL Mountain Seat Assembly,,,FALSE,500,375,,,1,,,,,Current
190,SA-R127,0,LL Road Seat Assembly,,,FALSE,500,375,,,1,,,L ,,Current
191,SA-R430,0,ML Road Seat Assembly,,,FALSE,500,375,,,1,,,M ,,Current
192,SA-R522,0,HL Road Seat Assembly,,,FALSE,500,375,,,1,,,,,Current
193,SA-T467,0,LL Touring Seat Assembly,,,FALSE,500,375,,,1,,,L ,,Current
194,SA-T612,0,ML Touring Seat Assembly,,,FALSE,500,375,,,1,,,M ,,Current
195,SA-T872,0,HL Touring Seat Assembly,,,FALSE,500,375,,,1,,,,,Current
196,SD-2342,0,LL Spindle/Axle,,,FALSE,500,375,,,0,,,L ,,Current
197,SD-9872,0,HL Spindle/Axle,,,FALSE,500,375,,,0,,,,,Current
198,SH-4562,0,LL Shell,,,FALSE,800,600,,,0,,,L ,,Current
199,SH-9312,0,HL Shell,,,FALSE,800,600,,,0,,,,,Current
200,SK-9283,0,Spokes,,,FALSE,1000,750,,,0,,,,,Current
201,SL-0931,0,Seat Lug,,,FALSE,1000,750,,,0,,,,,Current
202,SM-9087,0,Stem,,,FALSE,500,375,,,1,,,,,Current
203,SP-2981,0,Seat Post,,,FALSE,500,375,,,0,,,,,Current
204,SR-2098,0,Steerer,,,FALSE,500,375,,,1,,,,,Current
205,SS-2985,0,Seat Stays,,,FALSE,800,600,,,1,,,,,Current
206,ST-9828,0,Seat Tube,,,FALSE,500,375,,,1,,,,,Current
207,TO-2301,0,Top Tube,,,FALSE,500,375,,,1,,,,,Current
208,TP-0923,0,Tension Pulley,,,FALSE,800,600,,,0,,,,,Current
209,RC-0291,0,Rear Derailleur Cage,,,FALSE,500,375,,,0,,,,,Current
210,FR-R92B-58,14,"HL Road Frame - Black, 58",,,TRUE,500,375,,2.24,1,R ,,H ,HL Road Frame,Current
211,FR-R92R-58,14,"HL Road Frame - Red, 58",,,TRUE,500,375,,2.24,1,R ,,H ,HL Road Frame,Current
212,HL-U509-R,31,"Sport-100 Helmet, Red","Casque sport 100, rouge",12.0278,TRUE,4,3,33.6442,,0,S ,20.1865,,Sport-100,
213,HL-U509-R,31,"Sport-100 Helmet, Red","Casque sport 100, rouge",13.8782,TRUE,4,3,33.6442,,0,S ,20.1865,,Sport-100,
214,HL-U509-R,31,"Sport-100 Helmet, Red","Casque sport 100, rouge",13.0863,TRUE,4,3,34.99,,0,S ,20.994,,Sport-100,Current
215,HL-U509,31,"Sport-100 Helmet, Black","Casque sport 100, noir",12.0278,TRUE,4,3,33.6442,,0,S ,20.1865,,Sport-100,
216,HL-U509,31,"Sport-100 Helmet, Black","Casque sport 100, noir",13.8782,TRUE,4,3,33.6442,,0,S ,20.1865,,Sport-100,
217,HL-U509,31,"Sport-100 Helmet, Black","Casque sport 100, noir",13.0863,TRUE,4,3,34.99,,0,S ,20.994,,Sport-100,Current
218,SO-B909-M,23,"Mountain Bike Socks, M","Chaussettes de VTT, taille M",3.3963,TRUE,4,3,9.5,,0,M ,5.7,,Mountain Bike Socks,
219,SO-B909-L,23,"Mountain Bike Socks, L","Chaussettes de VTT, taille L",3.3963,TRUE,4,3,9.5,,0,M ,5.7,,Mountain Bike Socks,
220,HL-U509-B,31,"Sport-100 Helmet, Blue","Casque sport 100, bleu",12.0278,TRUE,4,3,33.6442,,0,S ,20.1865,,Sport-100,
221,HL-U509-B,31,"Sport-100 Helmet, Blue","Casque sport 100, bleu",13.8782,TRUE,4,3,33.6442,,0,S ,20.1865,,Sport-100,
222,HL-U509-B,31,"Sport-100 Helmet, Blue","Casque sport 100, bleu",13.0863,TRUE,4,3,34.99,,0,S ,20.994,,Sport-100,Current
223,CA-1098,19,AWC Logo Cap,,5.7052,TRUE,4,3,8.6442,,0,S ,5.1865,,Cycling Cap,
224,CA-1098,19,AWC Logo Cap,,5.2297,TRUE,4,3,8.6442,,0,S ,5.1865,,Cycling Cap,
225,CA-1098,19,AWC Logo Cap,,6.9223,TRUE,4,3,8.99,,0,S ,5.394,,Cycling Cap,Current
226,LJ-0192-S,21,"Long-Sleeve Logo Jersey, S","Maillot manches longues avec logo, taille S",31.7244,TRUE,4,3,48.0673,,0,S ,28.8404,,Long-Sleeve Logo Jersey,
227,LJ-0192-S,21,"Long-Sleeve Logo Jersey, S","Maillot manches longues avec logo, taille S",29.0807,TRUE,4,3,48.0673,,0,S ,28.8404,,Long-Sleeve Logo Jersey,
228,LJ-0192-S,21,"Long-Sleeve Logo Jersey, S","Maillot manches longues avec logo, taille S",38.4923,TRUE,4,3,49.99,,0,S ,29.994,,Long-Sleeve Logo Jersey,Current
229,LJ-0192-M,21,"Long-Sleeve Logo Jersey, M","Maillot manches longues avec logo, taille M",31.7244,TRUE,4,3,48.0673,,0,S ,28.8404,,Long-Sleeve Logo Jersey,
230,LJ-0192-M,21,"Long-Sleeve Logo Jersey, M","Maillot manches longues avec logo, taille M",29.0807,TRUE,4,3,48.0673,,0,S ,28.8404,,Long-Sleeve Logo Jersey,
231,LJ-0192-M,21,"Long-Sleeve Logo Jersey, M","Maillot manches longues avec logo, taille M",38.4923,TRUE,4,3,49.99,,0,S ,29.994,,Long-Sleeve Logo Jersey,Current
232,LJ-0192-L,21,"Long-Sleeve Logo Jersey, L","Maillot manches longues avec logo, taille L",31.7244,TRUE,4,3,48.0673,,0,S ,28.8404,,Long-Sleeve Logo Jersey,
233,LJ-0192-L,21,"Long-Sleeve Logo Jersey, L","Maillot manches longues avec logo, taille L",29.0807,TRUE,4,3,48.0673,,0,S ,28.8404,,Long-Sleeve Logo Jersey,
234,LJ-0192-L,21,"Long-Sleeve Logo Jersey, L","Maillot manches longues avec logo, taille L",38.4923,TRUE,4,3,49.99,,0,S ,29.994,,Long-Sleeve Logo Jersey,Current
235,LJ-0192-X,21,"Long-Sleeve Logo Jersey, XL","Maillot manches longues avec logo, taille XL",31.7244,TRUE,4,3,48.0673,,0,S ,28.8404,,Long-Sleeve Logo Jersey,
236,LJ-0192-X,21,"Long-Sleeve Logo Jersey, XL","Maillot manches longues avec logo, taille XL",29.0807,TRUE,4,3,48.0673,,0,S ,28.8404,,Long-Sleeve Logo Jersey,
237,LJ-0192-X,21,"Long-Sleeve Logo Jersey, XL","Maillot manches longues avec logo, taille XL",38.4923,TRUE,4,3,49.99,,0,S ,29.994,,Long-Sleeve Logo Jersey,Current
238,FR-R92R-62,14,"HL Road Frame - Red, 62","Cadre de vélo de route HL - rouge, 62",747.9682,TRUE,500,375,1263.4598,2.3,1,R ,758.0759,H ,HL Road Frame,
239,FR-R92R-62,14,"HL Road Frame - Red, 62","Cadre de vélo de route HL - rouge, 62",722.2568,TRUE,500,375,1301.3636,2.3,1,R ,780.8182,H ,HL Road Frame,
240,FR-R92R-62,14,"HL Road Frame - Red, 62","Cadre de vélo de route HL - rouge, 62",868.6342,TRUE,500,375,1431.5,2.3,1,R ,858.9,H ,HL Road Frame,Current
241,FR-R92R-44,14,"HL Road Frame - Red, 44","Cadre de vélo de route HL - rouge, 44",747.9682,TRUE,500,375,1263.4598,2.12,1,R ,758.0759,H ,HL Road Frame,
242,FR-R92R-44,14,"HL Road Frame - Red, 44","Cadre de vélo de route HL - rouge, 44",722.2568,TRUE,500,375,1301.3636,2.12,1,R ,780.8182,H ,HL Road Frame,
243,FR-R92R-44,14,"HL Road Frame - Red, 44","Cadre de vélo de route HL - rouge, 44",868.6342,TRUE,500,375,1431.5,2.12,1,R ,858.9,H ,HL Road Frame,Current
244,FR-R92R-48,14,"HL Road Frame - Red, 48","Cadre de vélo de route HL - rouge, 48",747.9682,TRUE,500,375,1263.4598,2.16,1,R ,758.0759,H ,HL Road Frame,
245,FR-R92R-48,14,"HL Road Frame - Red, 48","Cadre de vélo de route HL - rouge, 48",722.2568,TRUE,500,375,1301.3636,2.16,1,R ,780.8182,H ,HL Road Frame,
246,FR-R92R-48,14,"HL Road Frame - Red, 48","Cadre de vélo de route HL - rouge, 48",868.6342,TRUE,500,375,1431.5,2.16,1,R ,858.9,H ,HL Road Frame,Current
247,FR-R92R-52,14,"HL Road Frame - Red, 52","Cadre de vélo de route HL - rouge, 52",747.9682,TRUE,500,375,1263.4598,2.2,1,R ,758.0759,H ,HL Road Frame,
248,FR-R92R-52,14,"HL Road Frame - Red, 52","Cadre de vélo de route HL - rouge, 52",722.2568,TRUE,500,375,1301.3636,2.2,1,R ,780.8182,H ,HL Road Frame,
249,FR-R92R-52,14,"HL Road Frame - Red, 52","Cadre de vélo de route HL - rouge, 52",868.6342,TRUE,500,375,1431.5,2.2,1,R ,858.9,H ,HL Road Frame,Current
250,FR-R92R-56,14,"HL Road Frame - Red, 56","Cadre de vélo de route HL - rouge, 56",747.9682,TRUE,500,375,1263.4598,2.24,1,R ,758.0759,H ,HL Road Frame,
251,FR-R92R-56,14,"HL Road Frame - Red, 56","Cadre de vélo de route HL - rouge, 56",722.2568,TRUE,500,375,1301.3636,2.24,1,R ,780.8182,H ,HL Road Frame,
252,FR-R92R-56,14,"HL Road Frame - Red, 56","Cadre de vélo de route HL - rouge, 56",868.6342,TRUE,500,375,1431.5,2.24,1,R ,858.9,H ,HL Road Frame,Current
253,FR-R38B-58,14,"LL Road Frame - Black, 58","Cadre de vélo de route LL - noir, 58",176.1997,TRUE,500,375,297.6346,2.46,1,R ,178.5808,L ,LL Road Frame,
254,FR-R38B-58,14,"LL Road Frame - Black, 58","Cadre de vélo de route LL - noir, 58",170.1428,TRUE,500,375,306.5636,2.46,1,R ,183.9382,L ,LL Road Frame,
255,FR-R38B-58,14,"LL Road Frame - Black, 58","Cadre de vélo de route LL - noir, 58",204.6251,TRUE,500,375,337.22,2.46,1,R ,202.332,L ,LL Road Frame,Current
256,FR-R38B-60,14,"LL Road Frame - Black, 60","Cadre de vélo de route LL - noir, 60",176.1997,TRUE,500,375,297.6346,2.48,1,R ,178.5808,L ,LL Road Frame,
257,FR-R38B-60,14,"LL Road Frame - Black, 60","Cadre de vélo de route LL - noir, 60",170.1428,TRUE,500,375,306.5636,2.48,1,R ,183.9382,L ,LL Road Frame,
258,FR-R38B-60,14,"LL Road Frame - Black, 60","Cadre de vélo de route LL - noir, 60",204.6251,TRUE,500,375,337.22,2.48,1,R ,202.332,L ,LL Road Frame,Current
259,FR-R38B-62,14,"LL Road Frame - Black, 62","Cadre de vélo de route LL - noir, 62",176.1997,TRUE,500,375,297.6346,2.5,1,R ,178.5808,L ,LL Road Frame,
260,FR-R38B-62,14,"LL Road Frame - Black, 62","Cadre de vélo de route LL - noir, 62",170.1428,TRUE,500,375,306.5636,2.5,1,R ,183.9382,L ,LL Road Frame,
261,FR-R38B-62,14,"LL Road Frame - Black, 62","Cadre de vélo de route LL - noir, 62",204.6251,TRUE,500,375,337.22,2.5,1,R ,202.332,L ,LL Road Frame,Current
262,FR-R38R-44,14,"LL Road Frame - Red, 44","Cadre de vélo de route LL - rouge, 44",181.4857,TRUE,500,375,306.5636,2.32,1,R ,183.9382,L ,LL Road Frame,
263,FR-R38R-44,14,"LL Road Frame - Red, 44","Cadre de vélo de route LL - rouge, 44",187.1571,TRUE,500,375,337.22,2.32,1,R ,202.332,L ,LL Road Frame,
264,FR-R38R-48,14,"LL Road Frame - Red, 48","Cadre de vélo de route LL - rouge, 48",181.4857,TRUE,500,375,306.5636,2.36,1,R ,183.9382,L ,LL Road Frame,
265,FR-R38R-48,14,"LL Road Frame - Red, 48","Cadre de vélo de route LL - rouge, 48",187.1571,TRUE,500,375,337.22,2.36,1,R ,202.332,L ,LL Road Frame,
266,FR-R38R-52,14,"LL Road Frame - Red, 52","Cadre de vélo de route LL - rouge, 52",181.4857,TRUE,500,375,306.5636,2.4,1,R ,183.9382,L ,LL Road Frame,
267,FR-R38R-52,14,"LL Road Frame - Red, 52","Cadre de vélo de route LL - rouge, 52",187.1571,TRUE,500,375,337.22,2.4,1,R ,202.332,L ,LL Road Frame,
268,FR-R38R-58,14,"LL Road Frame - Red, 58","Cadre de vélo de route LL - rouge, 58",181.4857,TRUE,500,375,306.5636,2.46,1,R ,183.9382,L ,LL Road Frame,
269,FR-R38R-58,14,"LL Road Frame - Red, 58","Cadre de vélo de route LL - rouge, 58",187.1571,TRUE,500,375,337.22,2.46,1,R ,202.332,L ,LL Road Frame,
270,FR-R38R-60,14,"LL Road Frame - Red, 60","Cadre de vélo de route LL - rouge, 60",181.4857,TRUE,500,375,306.5636,2.48,1,R ,183.9382,L ,LL Road Frame,
271,FR-R38R-60,14,"LL Road Frame - Red, 60","Cadre de vélo de route LL - rouge, 60",187.1571,TRUE,500,375,337.22,2.48,1,R ,202.332,L ,LL Road Frame,
272,FR-R38R-62,14,"LL Road Frame - Red, 62","Cadre de vélo de route LL - rouge, 62",181.4857,TRUE,500,375,306.5636,2.5,1,R ,183.9382,L ,LL Road Frame,
273,FR-R38R-62,14,"LL Road Frame - Red, 62","Cadre de vélo de route LL - rouge, 62",187.1571,TRUE,500,375,337.22,2.5,1,R ,202.332,L ,LL Road Frame,
274,FR-R72R-44,14,"ML Road Frame - Red, 44","Cadre de vélo de route ML - rouge, 44",352.1394,TRUE,500,375,594.83,2.22,1,R ,356.898,M ,ML Road Frame,
275,FR-R72R-48,14,"ML Road Frame - Red, 48","Cadre de vélo de route ML - rouge, 48",352.1394,TRUE,500,375,594.83,2.26,1,R ,356.898,M ,ML Road Frame,
276,FR-R72R-52,14,"ML Road Frame - Red, 52","Cadre de vélo de route ML - rouge, 52",352.1394,TRUE,500,375,594.83,2.3,1,R ,356.898,M ,ML Road Frame,
277,FR-R72R-58,14,"ML Road Frame - Red, 58","Cadre de vélo de route ML - rouge, 58",352.1394,TRUE,500,375,594.83,2.36,1,R ,356.898,M ,ML Road Frame,
278,FR-R72R-60,14,"ML Road Frame - Red, 60","Cadre de vélo de route ML - rouge, 60",352.1394,TRUE,500,375,594.83,2.38,1,R ,356.898,M ,ML Road Frame,
279,FR-R38B-44,14,"LL Road Frame - Black, 44","Cadre de vélo de route LL - noir, 44",176.1997,TRUE,500,375,297.6346,2.32,1,R ,178.5808,L ,LL Road Frame,
280,FR-R38B-44,14,"LL Road Frame - Black, 44","Cadre de vélo de route LL - noir, 44",170.1428,TRUE,500,375,306.5636,2.32,1,R ,183.9382,L ,LL Road Frame,
281,FR-R38B-44,14,"LL Road Frame - Black, 44","Cadre de vélo de route LL - noir, 44",204.6251,TRUE,500,375,337.22,2.32,1,R ,202.332,L ,LL Road Frame,Current
282,FR-R38B-48,14,"LL Road Frame - Black, 48","Cadre de vélo de route LL - noir, 48",176.1997,TRUE,500,375,297.6346,2.36,1,R ,178.5808,L ,LL Road Frame,
283,FR-R38B-48,14,"LL Road Frame - Black, 48","Cadre de vélo de route LL - noir, 48",170.1428,TRUE,500,375,306.5636,2.36,1,R ,183.9382,L ,LL Road Frame,
284,FR-R38B-48,14,"LL Road Frame - Black, 48","Cadre de vélo de route LL - noir, 48",204.6251,TRUE,500,375,337.22,2.36,1,R ,202.332,L ,LL Road Frame,Current
285,FR-R38B-52,14,"LL Road Frame - Black, 52","Cadre de vélo de route LL - noir, 52",176.1997,TRUE,500,375,297.6346,2.4,1,R ,178.5808,L ,LL Road Frame,
286,FR-R38B-52,14,"LL Road Frame - Black, 52","Cadre de vélo de route LL - noir, 52",170.1428,TRUE,500,375,306.5636,2.4,1,R ,183.9382,L ,LL Road Frame,
287,FR-R38B-52,14,"LL Road Frame - Black, 52","Cadre de vélo de route LL - noir, 52",204.6251,TRUE,500,375,337.22,2.4,1,R ,202.332,L ,LL Road Frame,Current
288,FR-M94S-42,12,"HL Mountain Frame - Silver, 42",,623.8403,TRUE,500,375,1204.3248,2.72,1,M ,722.5949,H ,HL Mountain Frame,
289,FR-M94S-42,12,"HL Mountain Frame - Silver, 42",,660.9142,TRUE,500,375,1240.4545,2.72,1,M ,744.2727,H ,HL Mountain Frame,
290,FR-M94S-42,12,"HL Mountain Frame - Silver, 42",,747.2002,TRUE,500,375,1364.5,2.72,1,M ,818.7,H ,HL Mountain Frame,Current
291,FR-M94S-44,12,"HL Mountain Frame - Silver, 44",,706.811,TRUE,500,375,1364.5,2.76,1,M ,818.7,H ,HL Mountain Frame,
292,FR-M94S-52,12,"HL Mountain Frame - Silver, 48",,706.811,TRUE,500,375,1364.5,2.8,1,M ,818.7,H ,HL Mountain Frame,
293,FR-M94S-46,12,"HL Mountain Frame - Silver, 46",,623.8403,TRUE,500,375,1204.3248,2.84,1,M ,722.5949,H ,HL Mountain Frame,
294,FR-M94S-46,12,"HL Mountain Frame - Silver, 46",,660.9142,TRUE,500,375,1240.4545,2.84,1,M ,744.2727,H ,HL Mountain Frame,
295,FR-M94S-46,12,"HL Mountain Frame - Silver, 46",,747.2002,TRUE,500,375,1364.5,2.84,1,M ,818.7,H ,HL Mountain Frame,Current
296,FR-M94B-42,12,"HL Mountain Frame - Black, 42",,617.0281,TRUE,500,375,1191.1739,2.72,1,M ,714.7043,H ,HL Mountain Frame,
297,FR-M94B-42,12,"HL Mountain Frame - Black, 42",,653.6971,TRUE,500,375,1226.9091,2.72,1,M ,736.1455,H ,HL Mountain Frame,
298,FR-M94B-42,12,"HL Mountain Frame - Black, 42",,739.041,TRUE,500,375,1349.6,2.72,1,M ,809.76,H ,HL Mountain Frame,Current
299,FR-M94B-44,12,"HL Mountain Frame - Black, 44",,699.0928,TRUE,500,375,1349.6,2.76,1,M ,809.76,H ,HL Mountain Frame,
300,FR-M94B-48,12,"HL Mountain Frame - Black, 48",,699.0928,TRUE,500,375,1349.6,2.8,1,M ,809.76,H ,HL Mountain Frame,
301,FR-M94B-46,12,"HL Mountain Frame - Black, 46",,617.0281,TRUE,500,375,1191.1739,2.84,1,M ,714.7043,H ,HL Mountain Frame,
302,FR-M94B-46,12,"HL Mountain Frame - Black, 46",,653.6971,TRUE,500,375,1226.9091,2.84,1,M ,736.1455,H ,HL Mountain Frame,
303,FR-M94B-46,12,"HL Mountain Frame - Black, 46",,739.041,TRUE,500,375,1349.6,2.84,1,M ,809.76,H ,HL Mountain Frame,Current
304,FR-M94B-38,12,"HL Mountain Frame - Black, 38",,617.0281,TRUE,500,375,1191.1739,2.68,2,M ,714.7043,H ,HL Mountain Frame,
305,FR-M94B-38,12,"HL Mountain Frame - Black, 38",,653.6971,TRUE,500,375,1226.9091,2.68,2,M ,736.1455,H ,HL Mountain Frame,
306,FR-M94B-38,12,"HL Mountain Frame - Black, 38",,739.041,TRUE,500,375,1349.6,2.68,2,M ,809.76,H ,HL Mountain Frame,Current
307,FR-M94S-38,12,"HL Mountain Frame - Silver, 38",,623.8403,TRUE,500,375,1204.3248,2.68,2,M ,722.5949,H ,HL Mountain Frame,
308,FR-M94S-38,12,"HL Mountain Frame - Silver, 38",,660.9142,TRUE,500,375,1240.4545,2.68,2,M ,744.2727,H ,HL Mountain Frame,
309,FR-M94S-38,12,"HL Mountain Frame - Silver, 38",,747.2002,TRUE,500,375,1364.5,2.68,2,M ,818.7,H ,HL Mountain Frame,Current
310,BK-R93R-62,2,"Road-150 Red, 62","Vélo de route 150 rouge, 62",2171.2942,TRUE,100,75,3578.27,15,4,R ,2146.962,H ,Road-150,
311,BK-R93R-44,2,"Road-150 Red, 44","Vélo de route 150 rouge, 44",2171.2942,TRUE,100,75,3578.27,13.77,4,R ,2146.962,H ,Road-150,
312,BK-R93R-48,2,"Road-150 Red, 48","Vélo de route 150 rouge, 48",2171.2942,TRUE,100,75,3578.27,14.13,4,R ,2146.962,H ,Road-150,
313,BK-R93R-52,2,"Road-150 Red, 52","Vélo de route 150 rouge, 52",2171.2942,TRUE,100,75,3578.27,14.42,4,R ,2146.962,H ,Road-150,
314,BK-R93R-56,2,"Road-150 Red, 56","Vélo de route 150 rouge, 56",2171.2942,TRUE,100,75,3578.27,14.68,4,R ,2146.962,H ,Road-150,
315,BK-R68R-58,2,"Road-450 Red, 58","Vélo de route 450 rouge, 58",884.7083,TRUE,100,75,1457.99,17.79,4,R ,874.794,M ,Road-450,
316,BK-R68R-60,2,"Road-450 Red, 60","Vélo de route 450 rouge, 60",884.7083,TRUE,100,75,1457.99,17.9,4,R ,874.794,M ,Road-450,
317,BK-R68R-44,2,"Road-450 Red, 44","Vélo de route 450 rouge, 44",884.7083,TRUE,100,75,1457.99,16.77,4,R ,874.794,M ,Road-450,
318,BK-R68R-48,2,"Road-450 Red, 48","Vélo de route 450 rouge, 48",884.7083,TRUE,100,75,1457.99,17.13,4,R ,874.794,M ,Road-450,
319,BK-R68R-52,2,"Road-450 Red, 52","Vélo de route 450 rouge, 52",884.7083,TRUE,100,75,1457.99,17.42,4,R ,874.794,M ,Road-450,
320,BK-R50R-58,2,"Road-650 Red, 58","Vélo de route 650 rouge, 58",413.1463,TRUE,100,75,699.0982,19.79,4,R ,419.4589,L ,Road-650,
321,BK-R50R-58,2,"Road-650 Red, 58","Vélo de route 650 rouge, 58",486.7066,TRUE,100,75,782.99,19.79,4,R ,469.794,L ,Road-650,
322,BK-R50R-60,2,"Road-650 Red, 60","Vélo de route 650 rouge, 60",413.1463,TRUE,100,75,699.0982,19.9,4,R ,419.4589,L ,Road-650,
323,BK-R50R-60,2,"Road-650 Red, 60","Vélo de route 650 rouge, 60",486.7066,TRUE,100,75,782.99,19.9,4,R ,469.794,L ,Road-650,
324,BK-R50R-62,2,"Road-650 Red, 62","Vélo de route 650 rouge, 62",413.1463,TRUE,100,75,699.0982,20,4,R ,419.4589,L ,Road-650,
325,BK-R50R-62,2,"Road-650 Red, 62","Vélo de route 650 rouge, 62",486.7066,TRUE,100,75,782.99,20,4,R ,469.794,L ,Road-650,
326,BK-R50R-44,2,"Road-650 Red, 44","Vélo de route 650 rouge, 44",413.1463,TRUE,100,75,699.0982,18.77,4,R ,419.4589,L ,Road-650,
327,BK-R50R-44,2,"Road-650 Red, 44","Vélo de route 650 rouge, 44",486.7066,TRUE,100,75,782.99,18.77,4,R ,469.794,L ,Road-650,
328,BK-R50R-48,2,"Road-650 Red, 48","Vélo de route 650 rouge, 48",413.1463,TRUE,100,75,699.0982,19.13,4,R ,419.4589,L ,Road-650,
329,BK-R50R-48,2,"Road-650 Red, 48","Vélo de route 650 rouge, 48",486.7066,TRUE,100,75,782.99,19.13,4,R ,469.794,L ,Road-650,
330,BK-R50R-52,2,"Road-650 Red, 52","Vélo de route 650 rouge, 52",413.1463,TRUE,100,75,699.0982,19.42,4,R ,419.4589,L ,Road-650,
331,BK-R50R-52,2,"Road-650 Red, 52","Vélo de route 650 rouge, 52",486.7066,TRUE,100,75,782.99,19.42,4,R ,469.794,L ,Road-650,
332,BK-R50B-58,2,"Road-650 Black, 58","Vélo de route 650 noir, 58",413.1463,TRUE,100,75,699.0982,19.79,4,R ,419.4589,L ,Road-650,
333,BK-R50B-58,2,"Road-650 Black, 58","Vélo de route 650 noir, 58",486.7066,TRUE,100,75,782.99,19.79,4,R ,469.794,L ,Road-650,
334,BK-R50B-60,2,"Road-650 Black, 60","Vélo de route 650 noir, 60",413.1463,TRUE,100,75,699.0982,19.9,4,R ,419.4589,L ,Road-650,
335,BK-R50B-60,2,"Road-650 Black, 60","Vélo de route 650 noir, 60",486.7066,TRUE,100,75,782.99,19.9,4,R ,469.794,L ,Road-650,
336,BK-R50B-62,2,"Road-650 Black, 62","Vélo de route 650 noir, 62",413.1463,TRUE,100,75,699.0982,20,4,R ,419.4589,L ,Road-650,
337,BK-R50B-62,2,"Road-650 Black, 62","Vélo de route 650 noir, 62",486.7066,TRUE,100,75,782.99,20,4,R ,469.794,L ,Road-650,
338,BK-R50B-44,2,"Road-650 Black, 44","Vélo de route 650 noir, 44",413.1463,TRUE,100,75,699.0982,18.77,4,R ,419.4589,L ,Road-650,
339,BK-R50B-44,2,"Road-650 Black, 44","Vélo de route 650 noir, 44",486.7066,TRUE,100,75,782.99,18.77,4,R ,469.794,L ,Road-650,
340,BK-R50B-48,2,"Road-650 Black, 48","Vélo de route 650 noir, 48",413.1463,TRUE,100,75,699.0982,19.13,4,R ,419.4589,L ,Road-650,
341,BK-R50B-48,2,"Road-650 Black, 48","Vélo de route 650 noir, 48",486.7066,TRUE,100,75,782.99,19.13,4,R ,469.794,L ,Road-650,
342,BK-R50B-52,2,"Road-650 Black, 52","Vélo de route 650 noir, 52",413.1463,TRUE,100,75,699.0982,19.42,4,R ,419.4589,L ,Road-650,
343,BK-R50B-52,2,"Road-650 Black, 52","Vélo de route 650 noir, 52",486.7066,TRUE,100,75,782.99,19.42,4,R ,469.794,L ,Road-650,
344,BK-M82S-38,1,"Mountain-100 Silver, 38","VTT 100 argent, 38",1912.1544,TRUE,100,75,3399.99,20.35,4,M ,2039.994,H ,Mountain-100,
345,BK-M82S-42,1,"Mountain-100 Silver, 42","VTT 100 argent, 42",1912.1544,TRUE,100,75,3399.99,20.77,4,M ,2039.994,H ,Mountain-100,
346,BK-M82S-44,1,"Mountain-100 Silver, 44","VTT 100 argent, 44",1912.1544,TRUE,100,75,3399.99,21.13,4,M ,2039.994,H ,Mountain-100,
347,BK-M82S-48,1,"Mountain-100 Silver, 48","VTT 100 argent, 48",1912.1544,TRUE,100,75,3399.99,21.42,4,M ,2039.994,H ,Mountain-100,
348,BK-M82B-38,1,"Mountain-100 Black, 38","VTT 100 noir, 38",1898.0944,TRUE,100,75,3374.99,20.35,4,M ,2024.994,H ,Mountain-100,
349,BK-M82B-42,1,"Mountain-100 Black, 42","VTT 100 noir, 42",1898.0944,TRUE,100,75,3374.99,20.77,4,M ,2024.994,H ,Mountain-100,
350,BK-M82B-44,1,"Mountain-100 Black, 44","VTT 100 noir, 44",1898.0944,TRUE,100,75,3374.99,21.13,4,M ,2024.994,H ,Mountain-100,
351,BK-M82B-48,1,"Mountain-100 Black, 48","VTT 100 noir, 48",1898.0944,TRUE,100,75,3374.99,21.42,4,M ,2024.994,H ,Mountain-100,
352,BK-M68S-38,1,"Mountain-200 Silver, 38","VTT 200 argent, 38",1117.8559,TRUE,100,75,2071.4196,23.35,4,M ,1242.8518,H ,Mountain-200,
353,BK-M68S-38,1,"Mountain-200 Silver, 38","VTT 200 argent, 38",1265.6195,TRUE,100,75,2319.99,23.35,4,M ,1391.994,H ,Mountain-200,Current
354,BK-M68S-42,1,"Mountain-200 Silver, 42","VTT 200 argent, 42",1117.8559,TRUE,100,75,2071.4196,23.77,4,M ,1242.8518,H ,Mountain-200,
355,BK-M68S-42,1,"Mountain-200 Silver, 42","VTT 200 argent, 42",1265.6195,TRUE,100,75,2319.99,23.77,4,M ,1391.994,H ,Mountain-200,Current
356,BK-M68S-46,1,"Mountain-200 Silver, 46","VTT 200 argent, 46",1117.8559,TRUE,100,75,2071.4196,24.13,4,M ,1242.8518,H ,Mountain-200,
357,BK-M68S-46,1,"Mountain-200 Silver, 46","VTT 200 argent, 46",1265.6195,TRUE,100,75,2319.99,24.13,4,M ,1391.994,H ,Mountain-200,Current
358,BK-M68B-38,1,"Mountain-200 Black, 38","VTT 200 noir, 38",1105.81,TRUE,100,75,2049.0982,23.35,4,M ,1229.4589,H ,Mountain-200,
359,BK-M68B-38,1,"Mountain-200 Black, 38","VTT 200 noir, 38",1251.9813,TRUE,100,75,2294.99,23.35,4,M ,1376.994,H ,Mountain-200,Current
360,BK-M68B-42,1,"Mountain-200 Black, 42","VTT 200 noir, 42",1105.81,TRUE,100,75,2049.0982,23.77,4,M ,1229.4589,H ,Mountain-200,
361,BK-M68B-42,1,"Mountain-200 Black, 42","VTT 200 noir, 42",1251.9813,TRUE,100,75,2294.99,23.77,4,M ,1376.994,H ,Mountain-200,Current
362,BK-M68B-46,1,"Mountain-200 Black, 46","VTT 200 noir, 46",1105.81,TRUE,100,75,2049.0982,24.13,4,M ,1229.4589,H ,Mountain-200,
363,BK-M68B-46,1,"Mountain-200 Black, 46","VTT 200 noir, 46",1251.9813,TRUE,100,75,2294.99,24.13,4,M ,1376.994,H ,Mountain-200,Current
364,BK-M47B-38,1,"Mountain-300 Black, 38","VTT 300 noir, 38",598.4354,TRUE,100,75,1079.99,25.35,4,M ,647.994,M ,Mountain-300,
365,BK-M47B-40,1,"Mountain-300 Black, 40","VTT 300 noir, 40",598.4354,TRUE,100,75,1079.99,25.77,4,M ,647.994,M ,Mountain-300,
366,BK-M47B-44,1,"Mountain-300 Black, 44","VTT 300 noir, 44",598.4354,TRUE,100,75,1079.99,26.13,4,M ,647.994,M ,Mountain-300,
367,BK-M47B-48,1,"Mountain-300 Black, 48","VTT 300 noir, 48",598.4354,TRUE,100,75,1079.99,26.42,4,M ,647.994,M ,Mountain-300,
368,BK-R89R-44,2,"Road-250 Red, 44","Vélo de route 250 rouge, 44",1518.7864,TRUE,100,75,2443.35,14.77,4,R ,1466.01,H ,Road-250,
369,BK-R89R-48,2,"Road-250 Red, 48","Vélo de route 250 rouge, 48",1518.7864,TRUE,100,75,2443.35,15.13,4,R ,1466.01,H ,Road-250,
370,BK-R89R-52,2,"Road-250 Red, 52","Vélo de route 250 rouge, 52",1518.7864,TRUE,100,75,2443.35,15.42,4,R ,1466.01,H ,Road-250,
371,BK-R89R-58,2,"Road-250 Red, 58","Vélo de route 250 rouge, 58",1320.6838,TRUE,100,75,2181.5625,15.79,4,R ,1308.9375,H ,Road-250,
372,BK-R89R-58,2,"Road-250 Red, 58","Vélo de route 250 rouge, 58",1554.9479,TRUE,100,75,2443.35,15.79,4,R ,1466.01,H ,Road-250,Current
373,BK-R89B-44,2,"Road-250 Black, 44","Vélo de route 250 noir, 44",1320.6838,TRUE,100,75,2181.5625,14.77,4,R ,1308.9375,H ,Road-250,
374,BK-R89B-44,2,"Road-250 Black, 44","Vélo de route 250 noir, 44",1554.9479,TRUE,100,75,2443.35,14.77,4,R ,1466.01,H ,Road-250,Current
375,BK-R89B-48,2,"Road-250 Black, 48","Vélo de route 250 noir, 48",1320.6838,TRUE,100,75,2181.5625,15.13,4,R ,1308.9375,H ,Road-250,
376,BK-R89B-48,2,"Road-250 Black, 48","Vélo de route 250 noir, 48",1554.9479,TRUE,100,75,2443.35,15.13,4,R ,1466.01,H ,Road-250,Current
377,BK-R89B-52,2,"Road-250 Black, 52","Vélo de route 250 noir, 52",1320.6838,TRUE,100,75,2181.5625,15.42,4,R ,1308.9375,H ,Road-250,
378,BK-R89B-52,2,"Road-250 Black, 52","Vélo de route 250 noir, 52",1554.9479,TRUE,100,75,2443.35,15.42,4,R ,1466.01,H ,Road-250,Current
379,BK-R89B-58,2,"Road-250 Black, 58","Vélo de route 250 noir, 58",1320.6838,TRUE,100,75,2181.5625,15.68,4,R ,1308.9375,H ,Road-250,
380,BK-R89B-58,2,"Road-250 Black, 58","Vélo de route 250 noir, 58",1554.9479,TRUE,100,75,2443.35,15.68,4,R ,1466.01,H ,Road-250,Current
381,BK-R64Y-38,2,"Road-550-W Yellow, 38","Vélo de route 550 -W - jaune, 38",605.6492,TRUE,100,75,1000.4375,17.35,4,R ,600.2625,M ,Road-550-W,
382,BK-R64Y-38,2,"Road-550-W Yellow, 38","Vélo de route 550 -W - jaune, 38",713.0798,TRUE,100,75,1120.49,17.35,4,R ,672.294,M ,Road-550-W,Current
383,BK-R64Y-40,2,"Road-550-W Yellow, 40","Vélo de route 550 -W - jaune, 40",605.6492,TRUE,100,75,1000.4375,17.77,4,R ,600.2625,M ,Road-550-W,
384,BK-R64Y-40,2,"Road-550-W Yellow, 40","Vélo de route 550 -W - jaune, 40",713.0798,TRUE,100,75,1120.49,17.77,4,R ,672.294,M ,Road-550-W,Current
385,BK-R64Y-42,2,"Road-550-W Yellow, 42","Vélo de route 550 -W - jaune, 42",605.6492,TRUE,100,75,1000.4375,18.13,4,R ,600.2625,M ,Road-550-W,
386,BK-R64Y-42,2,"Road-550-W Yellow, 42","Vélo de route 550 -W - jaune, 42",713.0798,TRUE,100,75,1120.49,18.13,4,R ,672.294,M ,Road-550-W,Current
387,BK-R64Y-44,2,"Road-550-W Yellow, 44","Vélo de route 550 -W - jaune, 44",605.6492,TRUE,100,75,1000.4375,18.42,4,R ,600.2625,M ,Road-550-W,
388,BK-R64Y-44,2,"Road-550-W Yellow, 44","Vélo de route 550 -W - jaune, 44",713.0798,TRUE,100,75,1120.49,18.42,4,R ,672.294,M ,Road-550-W,Current
389,BK-R64Y-48,2,"Road-550-W Yellow, 48","Vélo de route 550 -W - jaune, 48",605.6492,TRUE,100,75,1000.4375,18.68,4,R ,600.2625,M ,Road-550-W,
390,BK-R64Y-48,2,"Road-550-W Yellow, 48","Vélo de route 550 -W - jaune, 48",713.0798,TRUE,100,75,1120.49,18.68,4,R ,672.294,M ,Road-550-W,Current
391,FK-1639,10,LL Fork,Fourche LL,65.8097,TRUE,500,375,148.22,,1,,88.932,L ,LL Fork,
392,FK-5136,10,ML Fork,Fourche ML,77.9176,TRUE,500,375,175.49,,1,,105.294,M ,ML Fork,
393,FK-9939,10,HL Fork,Fourche HL,101.8936,TRUE,500,375,229.49,,1,,137.694,H ,HL Fork,
394,HS-0296,11,LL Headset,Jeu de direction LL,15.1848,TRUE,500,375,34.2,,1,,20.52,L ,LL Headset,
395,HS-2451,11,ML Headset,Jeu de direction ML,45.4168,TRUE,500,375,102.29,,1,,61.374,M ,ML Headset,
396,HS-3479,11,HL Headset,Jeu de direction HL,55.3801,TRUE,500,375,124.73,,1,,74.838,H ,HL Headset,
397,HB-M243,4,LL Mountain Handlebars,,17.978,TRUE,500,375,40.4909,,1,M ,24.2945,L ,LL Mountain Handlebars,
398,HB-M243,4,LL Mountain Handlebars,,19.7758,TRUE,500,375,44.54,,1,M ,26.724,L ,LL Mountain Handlebars,Current
399,HB-M763,4,ML Mountain Handlebars,,24.9932,TRUE,500,375,56.2909,,1,M ,33.7745,M ,ML Mountain Handlebars,
400,HB-M763,4,ML Mountain Handlebars,,27.4925,TRUE,500,375,61.92,,1,M ,37.152,M ,ML Mountain Handlebars,Current
401,HB-M918,4,HL Mountain Handlebars,,48.5453,TRUE,500,375,109.3364,,1,M ,65.6018,H ,HL Mountain Handlebars,
402,HB-M918,4,HL Mountain Handlebars,,53.3999,TRUE,500,375,120.27,,1,M ,72.162,H ,HL Mountain Handlebars,Current
403,HB-R504,4,LL Road Handlebars,Poignées de vélo de route LL,17.978,TRUE,500,375,40.4909,,1,R ,24.2945,L ,LL Road Handlebars,
404,HB-R504,4,LL Road Handlebars,Poignées de vélo de route LL,19.7758,TRUE,500,375,44.54,,1,R ,26.724,L ,LL Road Handlebars,Current
405,HB-R720,4,ML Road Handlebars,Poignées de vélo de route ML,24.9932,TRUE,500,375,56.2909,,1,R ,33.7745,M ,ML Road Handlebars,
406,HB-R720,4,ML Road Handlebars,Poignées de vélo de route ML,27.4925,TRUE,500,375,61.92,,1,R ,37.152,M ,ML Road Handlebars,Current
407,HB-R956,4,HL Road Handlebars,Poignées de vélo de route HL,48.5453,TRUE,500,375,109.3364,,1,R ,65.6018,H ,HL Road Handlebars,
408,HB-R956,4,HL Road Handlebars,Poignées de vélo de route HL,53.3999,TRUE,500,375,120.27,,1,R ,72.162,H ,HL Road Handlebars,Current
409,FR-M63B-38,12,"ML Mountain Frame - Black, 38",,185.8193,TRUE,500,375,348.76,2.73,2,M ,209.256,M ,ML Mountain Frame-W,
410,FW-M423,17,LL Mountain Front Wheel,,26.9708,TRUE,500,375,60.745,,1,M ,36.447,L ,LL Mountain Front Wheel,
411,FW-M762,17,ML Mountain Front Wheel,,92.8071,TRUE,500,375,209.025,,1,M ,125.415,M ,ML Mountain Front Wheel,
412,FW-M928,17,HL Mountain Front Wheel,,133.2955,TRUE,500,375,300.215,,1,M ,180.129,H ,HL Mountain Front Wheel,
413,FW-R623,17,LL Road Front Wheel,Roue avant de vélo de route LL,37.9909,TRUE,500,375,85.565,900,1,R ,51.339,L ,LL Road Front Wheel,
414,FW-R762,17,ML Road Front Wheel,Roue avant de vélo de route ML,110.2829,TRUE,500,375,248.385,850,1,R ,149.031,M ,ML Road Front Wheel,
415,FW-R820,17,HL Road Front Wheel,Roue avant de vélo de route HL,146.5466,TRUE,500,375,330.06,650,1,R ,198.036,H ,HL Road Front Wheel,
416,FW-T905,17,Touring Front Wheel,Roue avant de vélo de randonnée,96.7964,TRUE,500,375,218.01,,1,T ,130.806,,Touring Front Wheel,
417,FR-R72Y-38,14,"ML Road Frame-W - Yellow, 38","Cadre de route ML -W - jaune, 38",300.1188,TRUE,500,375,540.7545,2.18,2,R ,324.4527,M ,ML Road Frame-W,
418,FR-R72Y-38,14,"ML Road Frame-W - Yellow, 38","Cadre de route ML -W - jaune, 38",360.9428,TRUE,500,375,594.83,2.18,2,R ,356.898,M ,ML Road Frame-W,Current
419,RW-M423,17,LL Mountain Rear Wheel,,38.9588,TRUE,500,375,87.745,,1,M ,52.647,L ,LL Mountain Rear Wheel,
420,RW-M762,17,ML Mountain Rear Wheel,,104.7951,TRUE,500,375,236.025,,1,M ,141.615,M ,ML Mountain Rear Wheel,
421,RW-M928,17,HL Mountain Rear Wheel,,145.2835,TRUE,500,375,327.215,,1,M ,196.329,H ,HL Mountain Rear Wheel,
422,RW-R623,17,LL Road Rear Wheel,Roue arrière de vélo de route LL,49.9789,TRUE,500,375,112.565,1050,1,R ,67.539,L ,LL Road Rear Wheel,
423,RW-R762,17,ML Road Rear Wheel,Roue arrière de vélo de route ML,122.2709,TRUE,500,375,275.385,1000,1,R ,165.231,M ,ML Road Rear Wheel,
424,RW-R820,17,HL Road Rear Wheel,Roue arrière de vélo de route HL,158.5346,TRUE,500,375,357.06,890,1,R ,214.236,H ,HL Road Rear Wheel,
425,RW-T905,17,Touring Rear Wheel,Roue arrière de vélo de randonnée,108.7844,TRUE,500,375,245.01,,1,T ,147.006,,Touring Rear Wheel,
426,FR-M63B-40,12,"ML Mountain Frame - Black, 40",,185.8193,TRUE,500,375,348.76,2.77,1,M ,209.256,M ,ML Mountain Frame,
427,FR-M63B-44,12,"ML Mountain Frame - Black, 44",,185.8193,TRUE,500,375,348.76,2.81,1,M ,209.256,M ,ML Mountain Frame,
428,FR-M63B-48,12,"ML Mountain Frame - Black, 48",,185.8193,TRUE,500,375,348.76,2.85,1,M ,209.256,M ,ML Mountain Frame,
429,FR-R72Y-40,14,"ML Road Frame-W - Yellow, 40","Cadre de route ML -W - jaune, 40",300.1188,TRUE,500,375,540.7545,2.22,1,R ,324.4527,M ,ML Road Frame-W,
430,FR-R72Y-40,14,"ML Road Frame-W - Yellow, 40","Cadre de route ML -W - jaune, 40",360.9428,TRUE,500,375,594.83,2.22,1,R ,356.898,M ,ML Road Frame-W,Current
431,FR-R72Y-42,14,"ML Road Frame-W - Yellow, 42","Cadre de route ML -W - jaune, 42",300.1188,TRUE,500,375,540.7545,2.26,1,R ,324.4527,M ,ML Road Frame-W,
432,FR-R72Y-42,14,"ML Road Frame-W - Yellow, 42","Cadre de route ML -W - jaune, 42",360.9428,TRUE,500,375,594.83,2.26,1,R ,356.898,M ,ML Road Frame-W,Current
433,FR-R72Y-44,14,"ML Road Frame-W - Yellow, 44","Cadre de route ML -W - jaune, 44",300.1188,TRUE,500,375,540.7545,2.3,1,R ,324.4527,M ,ML Road Frame-W,
434,FR-R72Y-44,14,"ML Road Frame-W - Yellow, 44","Cadre de route ML -W - jaune, 44",360.9428,TRUE,500,375,594.83,2.3,1,R ,356.898,M ,ML Road Frame-W,Current
435,FR-R72Y-48,14,"ML Road Frame-W - Yellow, 48","Cadre de route ML -W - jaune, 48",300.1188,TRUE,500,375,540.7545,2.34,1,R ,324.4527,M ,ML Road Frame-W,
436,FR-R72Y-48,14,"ML Road Frame-W - Yellow, 48","Cadre de route ML -W - jaune, 48",360.9428,TRUE,500,375,594.83,2.34,1,R ,356.898,M ,ML Road Frame-W,Current
437,FR-R92B-62,14,"HL Road Frame - Black, 62","Cadre de vélo de route HL - noir, 62",722.2568,TRUE,500,375,1301.3636,2.3,1,R ,780.8182,H ,HL Road Frame,
438,FR-R92B-62,14,"HL Road Frame - Black, 62","Cadre de vélo de route HL - noir, 62",868.6342,TRUE,500,375,1431.5,2.3,1,R ,858.9,H ,HL Road Frame,Current
439,FR-R92B-44,14,"HL Road Frame - Black, 44","Cadre de vélo de route HL - noir, 44",722.2568,TRUE,500,375,1301.3636,2.12,1,R ,780.8182,H ,HL Road Frame,
440,FR-R92B-44,14,"HL Road Frame - Black, 44","Cadre de vélo de route HL - noir, 44",868.6342,TRUE,500,375,1431.5,2.12,1,R ,858.9,H ,HL Road Frame,Current
441,FR-R92B-48,14,"HL Road Frame - Black, 48","Cadre de vélo de route HL - noir, 48",722.2568,TRUE,500,375,1301.3636,2.16,1,R ,780.8182,H ,HL Road Frame,
442,FR-R92B-48,14,"HL Road Frame - Black, 48","Cadre de vélo de route HL - noir, 48",868.6342,TRUE,500,375,1431.5,2.16,1,R ,858.9,H ,HL Road Frame,Current
443,FR-R92B-52,14,"HL Road Frame - Black, 52","Cadre de vélo de route HL - noir, 52",722.2568,TRUE,500,375,1301.3636,2.2,1,R ,780.8182,H ,HL Road Frame,
444,FR-R92B-52,14,"HL Road Frame - Black, 52","Cadre de vélo de route HL - noir, 52",868.6342,TRUE,500,375,1431.5,2.2,1,R ,858.9,H ,HL Road Frame,Current
445,SH-M897-S,22,"Men's Sports Shorts, S","Cuissards de route pour hommes, taille S",24.7459,TRUE,4,3,59.99,,0,S ,35.994,,Men's Sports Shorts,
446,PA-T100,35,"Touring-Panniers, Large","Sacoches de vélo de randonnée, grande capacité",51.5625,TRUE,4,3,125,,0,T ,75,,Touring-Panniers,
447,LO-C100,34,Cable Lock,Antivol câble,10.3125,TRUE,4,3,25,,0,S ,15,,Cable Lock,
448,PU-0452,36,Minipump,,8.2459,TRUE,4,3,19.99,,0,S ,11.994,,Minipump,
449,PU-M044,36,Mountain Pump,Pompe de VTT,10.3084,TRUE,4,3,24.99,,0,M ,14.994,,Mountain Pump,
450,LT-T990,33,Taillights - Battery-Powered,,5.7709,TRUE,4,3,13.99,,0,R ,8.394,,Taillight,
451,LT-H902,33,Headlights - Dual-Beam,Feu avant - double faisceau,14.4334,TRUE,4,3,34.99,,0,R ,20.994,,Headlights - Dual-Beam,
452,LT-H903,33,Headlights - Weatherproof,Feu avant étanche,18.5584,TRUE,4,3,44.99,,0,R ,26.994,,Headlights - Weatherproof,
453,SH-M897-M,22,"Men's Sports Shorts, M","Cuissards de route pour hommes, taille M",24.7459,TRUE,4,3,59.99,,0,S ,35.994,,Men's Sports Shorts,
454,SH-M897-L,22,"Men's Sports Shorts, L","Cuissards de route pour hommes, taille L",24.7459,TRUE,4,3,59.99,,0,S ,35.994,,Men's Sports Shorts,
455,SH-M897-X,22,"Men's Sports Shorts, XL","Cuissards de route pour hommes, taille XL",24.7459,TRUE,4,3,59.99,,0,S ,35.994,,Men's Sports Shorts,
456,TG-W091-S,24,"Women's Tights, S","Collants pour femmes, taille S",30.9334,TRUE,4,3,74.99,,0,S ,44.994,,Women's Tights,
457,TG-W091-M,24,"Women's Tights, M","Collants pour femmes, taille M",30.9334,TRUE,4,3,74.99,,0,S ,44.994,,Women's Tights,
458,TG-W091-L,24,"Women's Tights, L","Collants pour femmes, taille L",30.9334,TRUE,4,3,74.99,,0,S ,44.994,,Women's Tights,
459,SB-M891-S,18,"Men's Bib-Shorts, S",,37.1209,TRUE,4,3,89.99,,0,S ,53.994,,Men's Bib-Shorts,
460,SB-M891-M,18,"Men's Bib-Shorts, M",,37.1209,TRUE,4,3,89.99,,0,S ,53.994,,Men's Bib-Shorts,
461,SB-M891-L,18,"Men's Bib-Shorts, L",,37.1209,TRUE,4,3,89.99,,0,S ,53.994,,Men's Bib-Shorts,
462,GL-H102-S,20,"Half-Finger Gloves, S",,9.7136,TRUE,4,3,23.5481,,0,S ,14.1289,,Half-Finger Gloves,
463,GL-H102-S,20,"Half-Finger Gloves, S",,9.1593,TRUE,4,3,24.49,,0,S ,14.694,,Half-Finger Gloves,Current
464,GL-H102-M,20,"Half-Finger Gloves, M",,9.7136,TRUE,4,3,23.5481,,0,S ,14.1289,,Half-Finger Gloves,
465,GL-H102-M,20,"Half-Finger Gloves, M",,9.1593,TRUE,4,3,24.49,,0,S ,14.694,,Half-Finger Gloves,Current
466,GL-H102-L,20,"Half-Finger Gloves, L",,9.7136,TRUE,4,3,23.5481,,0,S ,14.1289,,Half-Finger Gloves,
467,GL-H102-L,20,"Half-Finger Gloves, L",,9.1593,TRUE,4,3,24.49,,0,S ,14.694,,Half-Finger Gloves,Current
468,GL-F110-S,20,"Full-Finger Gloves, S","Gants longs, taille S",15.6709,TRUE,4,3,37.99,,0,M ,22.794,,Full-Finger Gloves,
469,GL-F110-M,20,"Full-Finger Gloves, M","Gants longs, taille M",15.6709,TRUE,4,3,37.99,,0,M ,22.794,,Full-Finger Gloves,
470,GL-F110-L,20,"Full-Finger Gloves, L","Gants longs, taille L",15.6709,TRUE,4,3,37.99,,0,M ,22.794,,Full-Finger Gloves,
471,VE-C304-S,25,"Classic Vest, S","Veste classique, taille S",23.749,TRUE,4,3,63.5,,0,S ,38.1,,Classic Vest,Current
472,VE-C304-M,25,"Classic Vest, M","Veste classique, taille M",23.749,TRUE,4,3,63.5,,0,S ,38.1,,Classic Vest,Current
473,VE-C304-L,25,"Classic Vest, L","Veste classique, taille L",23.749,TRUE,4,3,63.5,,0,S ,38.1,,Classic Vest,Current
474,SH-W890-S,22,"Women's Mountain Shorts, S",,26.1763,TRUE,4,3,69.99,,0,M ,41.994,,Women's Mountain Shorts,Current
475,SH-W890-M,22,"Women's Mountain Shorts, M",,26.1763,TRUE,4,3,69.99,,0,M ,41.994,,Women's Mountain Shorts,Current
476,SH-W890-L,22,"Women's Mountain Shorts, L",,26.1763,TRUE,4,3,69.99,,0,M ,41.994,,Women's Mountain Shorts,Current
477,WB-H098,28,Water Bottle - 30 oz.,,1.8663,TRUE,4,3,4.99,,0,S ,2.994,,Water Bottle,Current
478,BC-M005,28,Mountain Bottle Cage,Porte-bidon de VTT,3.7363,TRUE,4,3,9.99,,0,M ,5.994,,Mountain Bottle Cage,Current
479,BC-R205,28,Road Bottle Cage,Porte-bidon de vélo de route,3.3623,TRUE,4,3,8.99,,0,R ,5.394,,Road Bottle Cage,Current
480,PK-7098,37,Patch Kit/8 Patches,,0.8565,TRUE,4,3,2.29,,0,S ,1.374,,Patch kit,Current
481,SO-R809-M,23,"Racing Socks, M","Chaussettes de course, taille M",3.3623,TRUE,4,3,8.99,,0,R ,5.394,,Racing Socks,Current
482,SO-R809-L,23,"Racing Socks, L","Chaussettes de course, taille L",3.3623,TRUE,4,3,8.99,,0,R ,5.394,,Racing Socks,Current
483,RA-H123,26,Hitch Rack - 4-Bike,,44.88,TRUE,4,3,120,,0,S ,72,,Hitch Rack - 4-Bike,Current
484,CL-9009,29,Bike Wash - Dissolver,Entretien du vélo - dissolvant,2.9733,TRUE,4,3,7.95,,0,S ,4.77,,Bike Wash,Current
485,FE-6654,30,Fender Set - Mountain,Jeu de garde-boue - VTT,8.2205,TRUE,4,3,21.98,,0,M ,13.188,,Fender Set - Mountain,Current
486,ST-1401,27,All-Purpose Bike Stand,Range-vélo pour tous modèles,59.466,TRUE,4,3,159,,0,M ,95.4,,All-Purpose Bike Stand,Current
487,HY-1023-70,32,Hydration Pack - 70 oz.,,20.5663,TRUE,4,3,54.99,,0,S ,32.994,,Hydration Pack,Current
488,SJ-0194-S,21,"Short-Sleeve Classic Jersey, S","Maillot manches courtes classique, taille S",41.5723,TRUE,4,3,53.99,,0,S ,32.394,,Short-Sleeve Classic Jersey,Current
489,SJ-0194-M,21,"Short-Sleeve Classic Jersey, M","Maillot manches courtes classique, taille M",41.5723,TRUE,4,3,53.99,,0,S ,32.394,,Short-Sleeve Classic Jersey,Current
490,SJ-0194-L,21,"Short-Sleeve Classic Jersey, L","Maillot manches courtes classique, taille L",41.5723,TRUE,4,3,53.99,,0,S ,32.394,,Short-Sleeve Classic Jersey,Current
491,SJ-0194-X,21,"Short-Sleeve Classic Jersey, XL","Maillot manches courtes classique, taille XL",41.5723,TRUE,4,3,53.99,,0,S ,32.394,,Short-Sleeve Classic Jersey,Current
492,FR-T98Y-60,16,"HL Touring Frame - Yellow, 60","Cadre de vélo de randonnée HL - jaune, 60",601.7437,TRUE,500,375,1003.91,3.08,1,T ,602.346,H ,HL Touring Frame,Current
493,FR-T67Y-62,16,"LL Touring Frame - Yellow, 62","Cadre de vélo de randonnée LL - jaune, 62",199.8519,TRUE,500,375,333.42,3.2,1,T ,200.052,L ,LL Touring Frame,Current
494,FR-T98Y-46,16,"HL Touring Frame - Yellow, 46","Cadre de vélo de randonnée HL - jaune, 46",601.7437,TRUE,500,375,1003.91,2.96,1,T ,602.346,H ,HL Touring Frame,Current
495,FR-T98Y-50,16,"HL Touring Frame - Yellow, 50","Cadre de vélo de randonnée HL - jaune, 50",601.7437,TRUE,500,375,1003.91,3,1,T ,602.346,H ,HL Touring Frame,Current
496,FR-T98Y-54,16,"HL Touring Frame - Yellow, 54","Cadre de vélo de randonnée HL - jaune, 54",601.7437,TRUE,500,375,1003.91,3.04,1,T ,602.346,H ,HL Touring Frame,Current
497,FR-T98U-46,16,"HL Touring Frame - Blue, 46","Cadre de vélo de randonnée HL - bleu, 46",601.7437,TRUE,500,375,1003.91,2.96,1,T ,602.346,H ,HL Touring Frame,Current
498,FR-T98U-50,16,"HL Touring Frame - Blue, 50","Cadre de vélo de randonnée HL - bleu, 50",601.7437,TRUE,500,375,1003.91,3,1,T ,602.346,H ,HL Touring Frame,Current
499,FR-T98U-54,16,"HL Touring Frame - Blue, 54","Cadre de vélo de randonnée HL - bleu, 54",601.7437,TRUE,500,375,1003.91,3.04,1,T ,602.346,H ,HL Touring Frame,Current
500,FR-T98U-60,16,"HL Touring Frame - Blue, 60","Cadre de vélo de randonnée HL - bleu, 60",601.7437,TRUE,500,375,1003.91,3.08,1,T ,602.346,H ,HL Touring Frame,Current
501,RD-2308,9,Rear Derailleur,Dérailleur arrière,53.9282,TRUE,500,375,121.46,215,1,,72.876,,Rear Derailleur,Current
502,FR-T67U-50,16,"LL Touring Frame - Blue, 50","Cadre de vélo de randonnée LL - bleu, 50",199.8519,TRUE,500,375,333.42,3.1,1,T ,200.052,L ,LL Touring Frame,Current
503,FR-T67U-54,16,"LL Touring Frame - Blue, 54","Cadre de vélo de randonnée LL - bleu, 54",199.8519,TRUE,500,375,333.42,3.14,1,T ,200.052,L ,LL Touring Frame,Current
504,FR-T67U-58,16,"LL Touring Frame - Blue, 58","Cadre de vélo de randonnée LL - bleu, 58",199.8519,TRUE,500,375,333.42,3.16,1,T ,200.052,L ,LL Touring Frame,Current
505,FR-T67U-62,16,"LL Touring Frame - Blue, 62","Cadre de vélo de randonnée LL - bleu, 62",199.8519,TRUE,500,375,333.42,3.2,1,T ,200.052,L ,LL Touring Frame,Current
506,FR-T67Y-44,16,"LL Touring Frame - Yellow, 44","Cadre de vélo de randonnée LL - jaune, 44",199.8519,TRUE,500,375,333.42,3.02,1,T ,200.052,L ,LL Touring Frame,Current
507,FR-T67Y-50,16,"LL Touring Frame - Yellow, 50","Cadre de vélo de randonnée LL - jaune, 50",199.8519,TRUE,500,375,333.42,3.1,1,T ,200.052,L ,LL Touring Frame,Current
508,FR-T67Y-54,16,"LL Touring Frame - Yellow, 54","Cadre de vélo de randonnée LL - jaune, 54",199.8519,TRUE,500,375,333.42,3.14,1,T ,200.052,L ,LL Touring Frame,Current
509,FR-T67Y-58,16,"LL Touring Frame - Yellow, 58","Cadre de vélo de randonnée LL - jaune, 58",199.8519,TRUE,500,375,333.42,3.16,1,T ,200.052,L ,LL Touring Frame,Current
510,FR-T67U-44,16,"LL Touring Frame - Blue, 44","Cadre de vélo de randonnée LL - bleu, 44",199.8519,TRUE,500,375,333.42,3.02,1,T ,200.052,L ,LL Touring Frame,Current
511,FR-M63S-40,12,"ML Mountain Frame-W - Silver, 40",,199.3757,TRUE,500,375,364.09,2.77,1,M ,218.454,M ,ML Mountain Frame-W,Current
512,FR-M63S-42,12,"ML Mountain Frame-W - Silver, 42",,199.3757,TRUE,500,375,364.09,2.81,1,M ,218.454,M ,ML Mountain Frame-W,Current
513,FR-M63S-46,12,"ML Mountain Frame-W - Silver, 46",,199.3757,TRUE,500,375,364.09,2.85,1,M ,218.454,M ,ML Mountain Frame-W,Current
514,RB-9231,6,Rear Brakes,Freins arrière,47.286,TRUE,500,375,106.5,317,1,,63.9,,Rear Brakes,Current
515,SE-M236,15,LL Mountain Seat/Saddle,,12.0413,TRUE,500,375,27.12,,1,M ,16.272,L ,LL Mountain Seat/Saddle 2,Current
516,SE-M798,15,ML Mountain Seat/Saddle,,17.3782,TRUE,500,375,39.14,,1,M ,23.484,M ,ML Mountain Seat/Saddle 2,Current
517,SE-M940,15,HL Mountain Seat/Saddle,,23.3722,TRUE,500,375,52.64,,1,M ,31.584,H ,HL Mountain Seat/Saddle 2,Current
518,SE-R581,15,LL Road Seat/Saddle,Selle de vélo de route LL,12.0413,TRUE,500,375,27.12,,1,R ,16.272,L ,LL Road Seat/Saddle 1,Current
519,SE-R908,15,ML Road Seat/Saddle,Selle de vélo de route ML,17.3782,TRUE,500,375,39.14,,1,T ,23.484,M ,ML Road Seat/Saddle 2,Current
520,SE-R995,15,HL Road Seat/Saddle,Selle de vélo de route HL,23.3722,TRUE,500,375,52.64,,1,R ,31.584,H ,HL Road Seat/Saddle 2,Current
521,SE-T312,15,LL Touring Seat/Saddle,Selle de vélo de randonnée LL,12.0413,TRUE,500,375,27.12,,1,T ,16.272,L ,LL Touring Seat/Saddle,Current
522,SE-T762,15,ML Touring Seat/Saddle,Selle de vélo de randonnée ML,17.3782,TRUE,500,375,39.14,,1,T ,23.484,M ,ML Touring Seat/Saddle,Current
523,SE-T924,15,HL Touring Seat/Saddle,Selle de vélo de randonnée HL,23.3722,TRUE,500,375,52.64,,1,T ,31.584,H ,HL Touring Seat/Saddle,Current
524,FR-M21S-42,12,"LL Mountain Frame - Silver, 42",,144.5938,TRUE,500,375,264.05,2.92,1,M ,158.43,L ,LL Mountain Frame,Current
525,FR-M21S-44,12,"LL Mountain Frame - Silver, 44",,144.5938,TRUE,500,375,264.05,2.96,1,M ,158.43,L ,LL Mountain Frame,Current
526,FR-M21S-48,12,"LL Mountain Frame - Silver, 48",,144.5938,TRUE,500,375,264.05,3,1,M ,158.43,L ,LL Mountain Frame,Current
527,FR-M21S-52,12,"LL Mountain Frame - Silver, 52",,144.5938,TRUE,500,375,264.05,3.04,1,M ,158.43,L ,LL Mountain Frame,Current
528,TT-M928,37,Mountain Tire Tube,Chambre à air de VTT,1.8663,TRUE,500,375,4.99,,0,M ,2.994,,Mountain Tire Tube,Current
529,TT-R982,37,Road Tire Tube,Chambre à air de vélo de route,1.4923,TRUE,500,375,3.99,,0,R ,2.394,,Road Tire Tube,Current
530,TT-T092,37,Touring Tire Tube,Chambre à air de vélo de randonnée,1.8663,TRUE,500,375,4.99,,0,T ,2.994,,Touring Tire Tube,Current
531,FR-M21B-42,12,"LL Mountain Frame - Black, 42",,136.785,TRUE,500,375,249.79,2.92,1,M ,149.874,L ,LL Mountain Frame,Current
532,FR-M21B-44,12,"LL Mountain Frame - Black, 44",,136.785,TRUE,500,375,249.79,2.96,1,M ,149.874,L ,LL Mountain Frame,Current
533,FR-M21B-48,12,"LL Mountain Frame - Black, 48",,136.785,TRUE,500,375,249.79,3,1,M ,149.874,L ,LL Mountain Frame,Current
534,FR-M21B-52,12,"LL Mountain Frame - Black, 52",,136.785,TRUE,500,375,249.79,3.04,1,M ,149.874,L ,LL Mountain Frame,Current
535,TI-M267,37,LL Mountain Tire,Pneu de VTT LL,9.3463,TRUE,500,375,24.99,,0,M ,14.994,L ,LL Mountain Tire,Current
536,TI-M602,37,ML Mountain Tire,Pneu de VTT ML,11.2163,TRUE,500,375,29.99,,0,M ,17.994,M ,ML Mountain Tire,Current
537,TI-M823,37,HL Mountain Tire,Pneu de VTT HL,13.09,TRUE,500,375,35,,0,M ,21,H ,HL Mountain Tire,Current
538,TI-R092,37,LL Road Tire,Pneu de vélo de route LL,8.0373,TRUE,500,375,21.49,,0,R ,12.894,L ,LL Road Tire,Current
539,TI-R628,37,ML Road Tire,Pneu de vélo de route ML,9.3463,TRUE,500,375,24.99,,0,R ,14.994,M ,ML Road Tire,Current
540,TI-R982,37,HL Road Tire,Pneu de vélo de route HL,12.1924,TRUE,500,375,32.6,,0,R ,19.56,H ,HL Road Tire,Current
541,TI-T723,37,Touring Tire,Pneu de vélo de randonnée,10.8423,TRUE,500,375,28.99,,0,T ,17.394,,Touring Tire,Current
542,PD-M282,13,LL Mountain Pedal,Pédale de VTT LL,17.9776,TRUE,500,375,40.49,218,1,M ,24.294,L ,LL Mountain Pedal,Current
543,PD-M340,13,ML Mountain Pedal,Pédale de VTT ML,27.568,TRUE,500,375,62.09,215,1,M ,37.254,M ,ML Mountain Pedal,Current
544,PD-M562,13,HL Mountain Pedal,Pédale de VTT HL,35.9596,TRUE,500,375,80.99,185,1,M ,48.594,H ,HL Mountain Pedal,Current
545,PD-R347,13,LL Road Pedal,Pédale de vélo de route LL,17.9776,TRUE,500,375,40.49,189,1,R ,24.294,L ,LL Road Pedal,Current
546,PD-R563,13,ML Road Pedal,Pédale de vélo de route ML,27.568,TRUE,500,375,62.09,168,1,R ,37.254,M ,ML Road Pedal,Current
547,PD-R853,13,HL Road Pedal,Pédale de vélo de route HL,35.9596,TRUE,500,375,80.99,149,1,R ,48.594,H ,HL Road Pedal,Current
548,PD-T852,13,Touring Pedal,Pédale de vélo de randonnée,35.9596,TRUE,500,375,80.99,,1,T ,48.594,,Touring Pedal,Current
549,FR-M63S-38,12,"ML Mountain Frame-W - Silver, 38",,199.3757,TRUE,500,375,364.09,2.73,2,M ,218.454,M ,ML Mountain Frame-W,Current
550,FR-M21B-40,12,"LL Mountain Frame - Black, 40",,136.785,TRUE,500,375,249.79,2.88,2,M ,149.874,L ,LL Mountain Frame,Current
551,FR-M21S-40,12,"LL Mountain Frame - Silver, 40",,144.5938,TRUE,500,375,264.05,2.88,2,M ,158.43,L ,LL Mountain Frame,Current
552,FD-2342,9,Front Derailleur,Dérailleur avant,40.6216,TRUE,500,375,91.49,88,1,,54.894,,Front Derailleur,Current
553,HB-T721,4,LL Touring Handlebars,Poignées de vélo de randonnée LL,20.464,TRUE,500,375,46.09,,1,T ,27.654,L ,LL Touring Handlebars,Current
554,HB-T928,4,HL Touring Handlebars,Poignées de vélo de randonnée HL,40.6571,TRUE,500,375,91.57,,1,T ,54.942,H ,HL Touring Handlebars,Current
555,FB-9873,6,Front Brakes,Freins avant,47.286,TRUE,500,375,106.5,317,1,,63.9,,Front Brakes,Current
556,CS-4759,8,LL Crankset,Pédalier LL,77.9176,TRUE,500,375,175.49,600,1,,105.294,L ,LL Crankset,Current
557,CS-6583,8,ML Crankset,Pédalier ML,113.8816,TRUE,500,375,256.49,635,1,,153.894,M ,ML Crankset,Current
558,CS-9183,8,HL Crankset,Pédalier HL,179.8156,TRUE,500,375,404.99,575,1,,242.994,H ,HL Crankset,Current
559,CH-0234,7,Chain,Chaîne,8.9866,TRUE,500,375,20.24,,1,,12.144,,Chain,Current
560,BK-T44U-60,3,"Touring-2000 Blue, 60","Vélo de randonnée 2000 bleu, 60",755.1508,TRUE,100,75,1214.85,27.9,4,T ,728.91,M ,Touring-2000,Current
561,BK-T79Y-46,3,"Touring-1000 Yellow, 46","Vélo de randonnée 1000 jaune, 46",1481.9379,TRUE,100,75,2384.07,25.13,4,T ,1430.442,H ,Touring-1000,Current
562,BK-T79Y-50,3,"Touring-1000 Yellow, 50","Vélo de randonnée 1000 jaune, 50",1481.9379,TRUE,100,75,2384.07,25.42,4,T ,1430.442,H ,Touring-1000,Current
563,BK-T79Y-54,3,"Touring-1000 Yellow, 54","Vélo de randonnée 1000 jaune, 54",1481.9379,TRUE,100,75,2384.07,25.68,4,T ,1430.442,H ,Touring-1000,Current
564,BK-T79Y-60,3,"Touring-1000 Yellow, 60","Vélo de randonnée 1000 jaune, 60",1481.9379,TRUE,100,75,2384.07,25.9,4,T ,1430.442,H ,Touring-1000,Current
565,BK-T18U-54,3,"Touring-3000 Blue, 54","Vélo de randonnée 3000 bleu, 54",461.4448,TRUE,100,75,742.35,29.68,4,T ,445.41,L ,Touring-3000,Current
566,BK-T18U-58,3,"Touring-3000 Blue, 58","Vélo de randonnée 3000 bleu, 58",461.4448,TRUE,100,75,742.35,29.9,4,T ,445.41,L ,Touring-3000,Current
567,BK-T18U-62,3,"Touring-3000 Blue, 62","Vélo de randonnée 3000 bleu, 62",461.4448,TRUE,100,75,742.35,30,4,T ,445.41,L ,Touring-3000,Current
568,BK-T18Y-44,3,"Touring-3000 Yellow, 44","Vélo de randonnée 3000 jaune, 44",461.4448,TRUE,100,75,742.35,28.77,4,T ,445.41,L ,Touring-3000,Current
569,BK-T18Y-50,3,"Touring-3000 Yellow, 50","Vélo de randonnée 3000 jaune, 50",461.4448,TRUE,100,75,742.35,29.13,4,T ,445.41,L ,Touring-3000,Current
570,BK-T18Y-54,3,"Touring-3000 Yellow, 54","Vélo de randonnée 3000 jaune, 54",461.4448,TRUE,100,75,742.35,29.42,4,T ,445.41,L ,Touring-3000,Current
571,BK-T18Y-58,3,"Touring-3000 Yellow, 58","Vélo de randonnée 3000 jaune, 58",461.4448,TRUE,100,75,742.35,29.79,4,T ,445.41,L ,Touring-3000,Current
572,BK-T18Y-62,3,"Touring-3000 Yellow, 62","Vélo de randonnée 3000 jaune, 62",461.4448,TRUE,100,75,742.35,30,4,T ,445.41,L ,Touring-3000,Current
573,BK-T79U-46,3,"Touring-1000 Blue, 46","Vélo de randonnée 1000 bleu, 46",1481.9379,TRUE,100,75,2384.07,25.13,4,T ,1430.442,H ,Touring-1000,Current
574,BK-T79U-50,3,"Touring-1000 Blue, 50","Vélo de randonnée 1000 bleu, 50",1481.9379,TRUE,100,75,2384.07,25.42,4,T ,1430.442,H ,Touring-1000,Current
575,BK-T79U-54,3,"Touring-1000 Blue, 54","Vélo de randonnée 1000 bleu, 54",1481.9379,TRUE,100,75,2384.07,25.68,4,T ,1430.442,H ,Touring-1000,Current
576,BK-T79U-60,3,"Touring-1000 Blue, 60","Vélo de randonnée 1000 bleu, 60",1481.9379,TRUE,100,75,2384.07,25.9,4,T ,1430.442,H ,Touring-1000,Current
577,BK-T44U-46,3,"Touring-2000 Blue, 46","Vélo de randonnée 2000 bleu, 46",755.1508,TRUE,100,75,1214.85,27.13,4,T ,728.91,M ,Touring-2000,Current
578,BK-T44U-50,3,"Touring-2000 Blue, 50","Vélo de randonnée 2000 bleu, 50",755.1508,TRUE,100,75,1214.85,27.42,4,T ,728.91,M ,Touring-2000,Current
579,BK-T44U-54,3,"Touring-2000 Blue, 54","Vélo de randonnée 2000 bleu, 54",755.1508,TRUE,100,75,1214.85,27.68,4,T ,728.91,M ,Touring-2000,Current
580,BK-R79Y-40,2,"Road-350-W Yellow, 40","Vélo de route 350 -W - jaune, 40",1082.51,TRUE,100,75,1700.99,15.35,4,R ,1020.594,M ,Road-350-W,Current
581,BK-R79Y-42,2,"Road-350-W Yellow, 42","Vélo de route 350 -W - jaune, 42",1082.51,TRUE,100,75,1700.99,15.77,4,R ,1020.594,M ,Road-350-W,Current
582,BK-R79Y-44,2,"Road-350-W Yellow, 44","Vélo de route 350 -W - jaune, 44",1082.51,TRUE,100,75,1700.99,16.13,4,R ,1020.594,M ,Road-350-W,Current
583,BK-R79Y-48,2,"Road-350-W Yellow, 48","Vélo de route 350 -W - jaune, 48",1082.51,TRUE,100,75,1700.99,16.42,4,R ,1020.594,M ,Road-350-W,Current
584,BK-R19B-58,2,"Road-750 Black, 58","Vélo de route 750 noir, 58",343.6496,TRUE,100,75,539.99,20.79,4,R ,323.994,L ,Road-750,Current
585,BK-T18U-44,3,"Touring-3000 Blue, 44","Vélo de randonnée 3000 bleu, 44",461.4448,TRUE,100,75,742.35,28.77,4,T ,445.41,L ,Touring-3000,Current
586,BK-T18U-50,3,"Touring-3000 Blue, 50","Vélo de randonnée 3000 bleu, 50",461.4448,TRUE,100,75,742.35,29.13,4,T ,445.41,L ,Touring-3000,Current
587,BK-M38S-38,1,"Mountain-400-W Silver, 38","VTT 400 -W argent, 38",419.7784,TRUE,100,75,769.49,26.35,4,M ,461.694,M ,Mountain-400-W,Current
588,BK-M38S-40,1,"Mountain-400-W Silver, 40","VTT 400 -W argent, 40",419.7784,TRUE,100,75,769.49,26.77,4,M ,461.694,M ,Mountain-400-W,Current
589,BK-M38S-42,1,"Mountain-400-W Silver, 42","VTT 400 -W argent, 42",419.7784,TRUE,100,75,769.49,27.13,4,M ,461.694,M ,Mountain-400-W,Current
590,BK-M38S-46,1,"Mountain-400-W Silver, 46","VTT 400 -W argent, 46",419.7784,TRUE,100,75,769.49,27.42,4,M ,461.694,M ,Mountain-400-W,Current
591,BK-M18S-40,1,"Mountain-500 Silver, 40","VTT 500 argent, 40",308.2179,TRUE,100,75,564.99,27.35,4,M ,338.994,L ,Mountain-500,Current
592,BK-M18S-42,1,"Mountain-500 Silver, 42","VTT 500 argent, 42",308.2179,TRUE,100,75,564.99,27.77,4,M ,338.994,L ,Mountain-500,Current
593,BK-M18S-44,1,"Mountain-500 Silver, 44","VTT 500 argent, 44",308.2179,TRUE,100,75,564.99,28.13,4,M ,338.994,L ,Mountain-500,Current
594,BK-M18S-48,1,"Mountain-500 Silver, 48","VTT 500 argent, 48",308.2179,TRUE,100,75,564.99,28.42,4,M ,338.994,L ,Mountain-500,Current
595,BK-M18S-52,1,"Mountain-500 Silver, 52","VTT 500 argent, 52",308.2179,TRUE,100,75,564.99,28.68,4,M ,338.994,L ,Mountain-500,Current
596,BK-M18B-40,1,"Mountain-500 Black, 40","VTT 500 noir, 40",294.5797,TRUE,100,75,539.99,27.35,4,M ,323.994,L ,Mountain-500,Current
597,BK-M18B-42,1,"Mountain-500 Black, 42","VTT 500 noir, 42",294.5797,TRUE,100,75,539.99,27.77,4,M ,323.994,L ,Mountain-500,Current
598,BK-M18B-44,1,"Mountain-500 Black, 44","VTT 500 noir, 44",294.5797,TRUE,100,75,539.99,28.13,4,M ,323.994,L ,Mountain-500,Current
599,BK-M18B-48,1,"Mountain-500 Black, 48","VTT 500 noir, 48",294.5797,TRUE,100,75,539.99,28.42,4,M ,323.994,L ,Mountain-500,Current
600,BK-M18B-52,1,"Mountain-500 Black, 52","VTT 500 noir, 52",294.5797,TRUE,100,75,539.99,28.68,4,M ,323.994,L ,Mountain-500,Current
601,BB-7421,5,LL Bottom Bracket,Axe de pédalier LL,23.9716,TRUE,500,375,53.99,223,1,,32.394,L ,LL Bottom Bracket,Current
602,BB-8107,5,ML Bottom Bracket,Axe de pédalier ML,44.9506,TRUE,500,375,101.24,168,1,,60.744,M ,ML Bottom Bracket,Current
603,BB-9108,5,HL Bottom Bracket,Axe de pédalier HL,53.9416,TRUE,500,375,121.49,170,1,,72.894,H ,HL Bottom Bracket,Current
604,BK-R19B-44,2,"Road-750 Black, 44","Vélo de route 750 noir, 44",343.6496,TRUE,100,75,539.99,19.77,4,R ,323.994,L ,Road-750,Current
605,BK-R19B-48,2,"Road-750 Black, 48","Vélo de route 750 noir, 48",343.6496,TRUE,100,75,539.99,20.13,4,R ,323.994,L ,Road-750,Current
606,BK-R19B-52,2,"Road-750 Black, 52","Vélo de route 750 noir, 52",343.6496,TRUE,100,75,539.99,20.42,4,R ,323.994,L ,Road-750,Current
